protocol,date,market_cap_circulating,volume_24h,fees_24h,revenue_24h,tvl,active_users_24h,transactions_24h,token_holders,governance_proposals_30d,token_distribution,chain_deployment,token_age_days
Uniswap,2025-04-13,5079507122.951685,750783806.9508371,3732533.277848609,681275.1698049579,5063450070.779861,38841,80640,,,,5,
Uniswap,2025-04-14,5063517194.995169,1200947801.5095356,5199189.917818903,874299.4578699861,5036797783.222086,8357,435695,,,,5,
Uniswap,2025-04-15,5166968173.6803875,936782300.0155128,3983772.7777334945,999562.7500556193,5114095508.803269,22352,196141,,,,5,
Uniswap,2025-04-16,5408218545.722826,1390457814.1273377,6545800.853522512,1316036.3675149425,5287987301.56398,47959,403944,,,,5,
Uniswap,2025-04-17,5375636185.556879,1227016841.5000503,3886704.7266408307,397095.02291091543,5248688025.636613,8400,427682,,,,5,
Uniswap,2025-04-18,5343252768.797871,911120583.1516134,2071760.6768652913,339484.3552758564,5270622866.074623,18101,61934,,,,5,
Uniswap,2025-04-19,5601740019.036097,617715777.502373,2406318.999315944,456452.4958705117,5460342716.597368,38259,230184,,,,5,
Uniswap,2025-04-20,5736310854.083953,717287518.8840365,2626067.903614985,374334.3698268396,5522892381.624725,2167,299336,,,,5,
Uniswap,2025-04-21,5661255634.465445,1723056886.1594558,8453240.97938804,2008540.7933508859,5488625756.748087,18337,241915,,,,5,
Uniswap,2025-04-22,5759064023.213516,1129048077.6458168,5194305.491199204,1390495.5962167543,5530930401.264505,22677,187804,,,,5,
Uniswap,2025-04-23,5684757522.364824,859303860.4357483,4017839.0913392804,519590.825848537,5500566197.1609535,23556,326837,,,,5,
Uniswap,2025-04-24,5611015458.287259,665620463.6205202,3301423.408245962,577267.614051016,5479297461.920759,27432,486501,,,,5,
Uniswap,2025-04-25,5657356095.127927,806111453.4055802,3491623.9965349515,739109.9352824218,5490738987.166079,26289,458345,,,,5,
Uniswap,2025-04-26,5338290221.608975,562783782.8490692,1683149.8684286594,314564.4998206704,5297774144.294695,21652,14748,,,,5,
Uniswap,2025-04-27,5067385151.8790865,925240605.8508428,3907218.5236675604,990241.4406324009,5119420549.768092,26470,183416,,,,5,
Uniswap,2025-04-28,4986972712.728091,563001936.7005802,2382981.6859238343,562879.0650251823,5081491953.722361,15683,71629,,,,5,
Uniswap,2025-04-29,4840430850.649532,848082420.0463549,1907060.8582003321,392232.88121372706,5020341863.388876,47196,386965,,,,5,
Uniswap,2025-04-30,4890904056.003036,478184800.8144371,2107038.956060674,622798.8564506741,5051442617.476298,23700,306764,,,,5,
Uniswap,2025-05-01,4762563201.041586,922913106.5149119,4405922.557974681,1250502.788464524,4941521618.116744,26826,433570,,,,5,
Uniswap,2025-05-02,4565540195.142399,969327899.0408564,4757371.769241621,973451.3602054057,4778643172.021742,18640,62528,,,,5,
Uniswap,2025-05-03,4770850086.331712,527077182.79475284,2046469.0002618819,443803.1251781834,4911525186.252509,20087,182502,,,,5,
Uniswap,2025-05-04,4743306589.938007,1048294416.4584568,2239512.3931975067,349795.3483445708,4889972136.726009,11975,21023,,,,5,
Uniswap,2025-05-05,4757659105.877033,967268092.3025271,3734039.609155362,580554.4257327203,4907836555.479017,47427,333673,,,,5,
Uniswap,2025-05-06,4559062779.531302,1340299019.4931939,4241785.242071885,618787.1735952061,4770541774.712009,34307,430571,,,,5,
Uniswap,2025-05-07,4489165591.794756,671874922.7446814,2257313.322332927,240320.7776260274,4737101647.951858,39088,350896,,,,5,
Uniswap,2025-05-08,4508593253.578899,793452471.2028986,2565723.908959627,565886.7682149344,4751729263.113614,32471,92844,,,,5,
Uniswap,2025-05-09,4357420990.490113,963833589.0428993,3608099.3430566825,1024105.996871866,4671282668.306558,1009,488007,,,,5,
Uniswap,2025-05-10,4410890644.417353,728944521.9914978,3375001.8074025954,709822.1940957772,4705844099.696603,38892,11015,,,,5,
Uniswap,2025-05-11,4335820987.720631,854709539.5826375,4240922.05694839,551673.4679385504,4707384551.9337845,24833,145230,,,,5,
Uniswap,2025-05-12,4302214852.238133,868704119.4588773,2761582.8986131824,734119.4362703256,4695097969.068848,22168,318684,,,,5,
Uniswap,2025-05-13,4228856933.3756747,1067804773.7161691,3847342.0573140793,961766.8388649569,4620948062.132712,16106,60612,,,,5,
Uniswap,2025-05-14,4468076373.602084,864751836.362625,3247531.0706007993,796373.1074869209,4781659209.046682,5809,173273,,,,5,
Uniswap,2025-05-15,4470735251.046864,666832368.7399461,1743857.3238010916,262081.6803115217,4794032632.78832,18100,329235,,,,5,
Uniswap,2025-05-16,4333343620.232891,825991612.7050979,2218554.344363866,519896.32873654563,4686082945.249575,43783,102193,,,,5,
Uniswap,2025-05-17,4444608056.269645,468043729.91486585,1879064.3299580305,383444.761269961,4785364385.60392,44125,322066,,,,5,
Uniswap,2025-05-18,4286267518.662709,547723350.480767,1950163.7878421356,527395.0793022532,4676219089.62717,9427,116884,,,,5,
Uniswap,2025-05-19,4317411143.474372,844527834.5843201,2754518.1807323806,707728.4178489011,4698470435.739393,13173,440657,,,,5,
Uniswap,2025-05-20,4067907505.706676,2142080038.0486913,9457570.412189696,2654079.987274541,4490499011.463728,14051,16949,,,,5,
Uniswap,2025-05-21,3909887273.293718,1621211223.9225438,5940842.323173306,702210.0471203333,4337782889.997401,11209,486467,,,,5,
Uniswap,2025-05-22,3936888317.7888985,1465502251.0212119,5337855.887264115,1015164.5860002013,4350036123.197773,43318,260875,,,,5,
Uniswap,2025-05-23,4028043019.6625304,1068250537.4357369,4372269.98735317,1133704.926845873,4437304776.368118,20856,228441,,,,5,
Uniswap,2025-05-24,4052779426.947358,340959809.09507346,1468429.757056286,166295.5518787088,4460654565.227451,37932,233777,,,,5,
Uniswap,2025-05-25,4042771296.98556,379927860.56295556,998219.5632228061,215545.53720438198,4427938168.941856,46002,257666,,,,5,
Uniswap,2025-05-26,4010295266.944206,1435875204.884077,5186080.065421258,995850.9661667453,4406489841.126113,16183,212846,,,,5,
Uniswap,2025-05-27,3836426270.009847,1621801923.7595596,4119704.193625806,985846.4216190246,4280397986.3129826,42240,267218,,,,5,
Uniswap,2025-05-28,3757413819.33786,783576436.3082151,3622436.8916565054,735525.7077759851,4201663974.0464306,11161,38732,,,,5,
Uniswap,2025-05-29,3709246918.645385,852930437.2564523,2158793.763772331,254177.47171834038,4166867258.4974675,40144,157979,,,,5,
Uniswap,2025-05-30,3830589986.371052,788311589.0707641,2064588.9624475779,356872.4031391917,4263378179.4380417,27329,384572,,,,5,
Uniswap,2025-05-31,3873908399.73207,497381929.179827,1712702.9312947756,406864.47334351944,4275198897.4136643,46162,422478,,,,5,
Uniswap,2025-06-01,3672886626.1240635,552717340.3091458,1731032.1663519933,174001.63077131135,4126790497.325609,14568,200471,,,,5,
Uniswap,2025-06-02,3712269223.058128,801777892.3507103,2107110.7623912855,366836.2272306189,4168179291.368738,46781,149789,,,,5,
Uniswap,2025-06-03,3673095619.34315,1189878642.064957,4586701.72812586,797089.5384413612,4157704668.0867295,45247,255121,,,,5,
Uniswap,2025-06-04,3602176737.943669,1291004538.9692228,6049157.350249821,1223959.207011184,4121228074.081166,39638,339211,,,,5,
Uniswap,2025-06-05,3671879897.6460414,743504282.0838253,1726057.11221963,327057.57079209137,4151501337.5611405,40650,306818,,,,5,
Uniswap,2025-06-06,3789122970.177754,784152506.388875,2455849.979135707,255443.36804230232,4226771283.7432103,30926,409445,,,,5,
Uniswap,2025-06-07,3898774139.878323,457404029.02168566,1364203.8831837077,169096.3813756071,4322188706.247444,40056,144668,,,,5,
Uniswap,2025-06-08,3804515326.7000065,995327815.5260855,4347107.886049342,868067.1913457903,4259034911.076779,27734,409587,,,,5,
Uniswap,2025-06-09,3773027745.332768,1302768906.0068905,4704714.9176960625,1022655.5242236593,4244231590.482909,8943,480951,,,,5,
Uniswap,2025-06-10,3814296756.609094,732586507.3461595,2088844.2137865599,360568.8921707811,4350311166.88356,49447,437745,,,,5,
Uniswap,2025-06-11,3929741611.7949615,944498100.2492412,2581369.473877304,515369.2269191097,4453654787.903896,48045,275956,,,,5,
Uniswap,2025-06-12,3877180425.153933,830998638.5244757,2878105.118041822,777558.9623249526,4434715114.921075,11589,154990,,,,5,
Uniswap,2025-06-13,3859462605.0768356,685468582.5508974,1485383.3204924068,398770.175778955,4439567444.611863,25818,241966,,,,5,
Uniswap,2025-06-14,3735226313.855964,650711710.3948406,1520138.497771282,272972.97230978566,4352544047.689515,15043,169818,,,,5,
Uniswap,2025-06-15,3604918466.3975725,591024943.6667762,2716658.788307601,715607.0832757708,4240078441.3386617,47685,487687,,,,5,
Uniswap,2025-06-16,3696396065.1111817,1277308955.2840466,5307693.62865349,1098731.5736194202,4329876534.553994,49153,318658,,,,5,
Uniswap,2025-06-17,3850488470.324957,1185336591.9283142,5352680.960405912,754811.0463642929,4441168767.573926,31105,314245,,,,5,
Uniswap,2025-06-18,3846020734.508528,761162898.8862689,3203537.9196949154,659826.3130960396,4432828713.250827,3048,114537,,,,5,
Uniswap,2025-06-19,3965655005.2346616,1211170315.366066,5212075.853414504,612200.192797363,4519668071.0636015,2917,292762,,,,5,
Uniswap,2025-06-20,4012644371.6239963,942340230.6225358,3563600.2665916807,619517.9951276561,4558821007.125519,1009,92180,,,,5,
Uniswap,2025-06-21,3938997931.4254293,692271405.7132292,1516160.8511151103,451803.8748136014,4547735999.994325,6287,267665,,,,5,
Uniswap,2025-06-22,3985643025.6325707,1228922609.007668,5386206.007495487,653561.4291407993,4547220351.9874525,18988,237645,,,,5,
Uniswap,2025-06-23,4173530610.0872927,834164758.9474972,3535126.498750955,642345.4183915484,4711315614.323612,2908,149639,,,,5,
Uniswap,2025-06-24,4173218508.571473,1221928423.1745744,5089074.852632307,557858.9338920193,4676877931.332705,22852,18007,,,,5,
Uniswap,2025-06-25,4373279722.992904,944818628.0969033,4236399.175698919,1059525.0646571373,4823890086.177523,31523,361005,,,,5,
Uniswap,2025-06-26,4033946658.4221277,875701751.3847357,2370590.5272176117,537535.4622613793,4585520599.03402,21611,158056,,,,5,
Uniswap,2025-06-27,4137445930.9127464,1147531428.7515152,5314908.427205634,948652.8044518005,4669202739.684268,44303,200279,,,,5,
Uniswap,2025-06-28,4152387952.992056,325542263.3896434,1102950.000733843,176775.94537948523,4658361490.287484,22526,112974,,,,5,
Uniswap,2025-06-29,4119292505.3471317,443413951.693506,1555567.607690433,227801.2701020198,4617377127.830656,35016,21246,,,,5,
Uniswap,2025-06-30,4134751482.2245045,1282513307.6638644,6052714.251342288,1360938.2679538224,4643627684.106337,2970,51157,,,,5,
Uniswap,2025-07-01,3892343128.236647,515127625.4034748,2482655.7211516933,559942.1699493186,4437796114.533452,25519,490703,,,,5,
Uniswap,2025-07-02,3870584320.4721503,1668203765.0914974,6204804.74427269,1858578.0497492878,4424753227.652076,33184,338800,,,,5,
Uniswap,2025-07-03,3915921934.390728,990347809.0524355,4081165.270610891,1043612.67872631,4461940788.63917,3336,375821,,,,5,
Uniswap,2025-07-04,4093457387.520381,1218488964.8628833,4242710.902472304,1064610.9662802876,4590460627.541184,47197,397877,,,,5,
Uniswap,2025-07-05,4033905333.29618,456771090.84167045,1648689.6980848368,289780.812317695,4588000479.504442,7359,336579,,,,5,
Uniswap,2025-07-06,3940097638.930076,882732441.8909421,2162475.8139586574,315397.7008972386,4526403223.549971,36659,144828,,,,5,
Uniswap,2025-07-07,3884728584.2866874,875122618.0977159,3640606.0131600685,830893.7868371183,4440627703.420757,40666,347827,,,,5,
Uniswap,2025-07-08,3995295976.0535884,612831398.6708038,1861222.874983308,253721.0524094416,4532826186.769691,15153,86325,,,,5,
Uniswap,2025-07-09,4038695011.5960364,1087943586.3143775,2917922.304117985,538996.7769740234,4553793835.936141,11541,362618,,,,5,
Uniswap,2025-07-10,3978547509.8387513,1087618656.9806807,3825879.210491523,850457.930552434,4523788823.357023,27215,240203,,,,5,
Uniswap,2025-07-11,4043787823.385424,713447294.1861048,2696037.929301123,324717.63685132394,4559582274.492308,16343,205716,,,,5,
Uniswap,2025-07-12,4059608441.568141,640332752.0457724,1573692.7395226965,338749.43560546055,4569715100.521502,45409,327320,,,,5,
Uniswap,2025-07-13,4181637631.4232097,685099891.618103,2241915.41405974,554400.6780944759,4676253381.5122795,45327,472120,,,,5,
Uniswap,2025-07-14,4097747319.9561934,973294763.9840238,2277231.5192698175,676265.4358774829,4628802425.584539,2645,188595,,,,5,
Uniswap,2025-07-15,4061564766.7839866,1264051426.3303032,3000842.9726160546,852744.6757301814,4575190530.022824,35622,194245,,,,5,
Uniswap,2025-07-16,4017849151.764861,2141715900.7398586,6847083.107430283,759699.8091657342,4533832972.716534,32880,67545,,,,5,
Uniswap,2025-07-17,3845461532.128191,1170213019.4371748,5158954.713622632,520674.75074490416,4387974724.707527,14224,50738,,,,5,
Uniswap,2025-07-18,3883468567.6903687,1291331616.3678424,6146179.15263767,1040358.821298094,4405432476.413203,9666,329905,,,,5,
Uniswap,2025-07-19,3917766034.5762725,299079206.50921065,1422230.5440668657,309212.32637031033,4467666720.510797,42914,211579,,,,5,
Uniswap,2025-07-20,3922284800.413442,566601484.7224139,2115064.337878967,281520.69681508647,4479415791.742729,20956,228967,,,,5,
Uniswap,2025-07-21,3898603558.7855587,1098441377.5880005,3223287.8127183085,825481.2416742824,4435068197.556848,5757,29097,,,,5,
Uniswap,2025-07-22,3736963079.9855833,922501195.4694523,2081207.9034453142,623061.3046811153,4324668675.702999,21806,216592,,,,5,
Uniswap,2025-07-23,3693541961.837286,717517621.1021794,2102190.8602882847,377266.78821721405,4330793060.0419235,3482,296586,,,,5,
Uniswap,2025-07-24,3659260590.367451,843539161.7592374,2871993.975735783,646184.8515316077,4322777146.772289,43460,100397,,,,5,
Uniswap,2025-07-25,3574847603.14351,1403075514.0087602,6327441.844252869,1376159.887822856,4223418168.0865097,34536,74077,,,,5,
Uniswap,2025-07-26,3561125295.553538,643790833.8920038,2319815.079516999,455188.52340038336,4202866790.2869334,12485,310709,,,,5,
Uniswap,2025-07-27,3607852692.6558614,1035185107.5727636,4447226.487586667,536319.0412812837,4265431372.0999064,13342,312950,,,,5,
Uniswap,2025-07-28,3815612971.824475,779893886.9683734,3659489.2457285565,751350.5717272393,4423787180.980957,48190,223046,,,,5,
Uniswap,2025-07-29,3839412225.8133163,1318494315.5565453,3254647.5670732264,791512.2112493581,4451937161.0439825,16708,119575,,,,5,
Uniswap,2025-07-30,3872916901.6062493,1241725095.9695826,2556875.400093115,308926.07445229834,4494650877.89704,20694,472052,,,,5,
Uniswap,2025-07-31,3868140133.145065,712685156.8294555,1807108.7050906757,416627.50525170355,4472022327.237603,36822,482327,,,,5,
Uniswap,2025-08-01,3649345994.951557,930440062.3329594,3876958.391956364,1051195.7597940534,4293758306.5913754,19922,22175,,,,5,
Uniswap,2025-08-02,3650092591.7910714,536187231.701538,1711268.6750737713,399781.50080652296,4231745726.2301664,22389,254446,,,,5,
Uniswap,2025-08-03,3660338059.6760955,500645756.8047188,1952379.4345941509,482590.9499847828,4220553139.737706,21079,177292,,,,5,
Uniswap,2025-08-04,3934487363.371577,925763310.3572282,4285665.927790337,979639.4291964346,4437031757.933364,9705,446096,,,,5,
Uniswap,2025-08-05,3915716597.1808295,854860564.1966912,2375033.716400135,417859.82589169766,4397299893.035517,38334,217990,,,,5,
Uniswap,2025-08-06,3955055531.7743554,1369852086.2235389,3841326.7853127616,863644.6620801932,4460525788.215364,14221,142351,,,,5,
Uniswap,2025-08-07,3954891978.0024176,535486916.143337,1544021.5167473946,447288.61439069774,4431690347.407351,44861,420987,,,,5,
Uniswap,2025-08-08,3820187008.1049476,1663521782.0292683,4026287.523568904,1101969.1075522718,4317253293.8325205,20063,77642,,,,5,
Uniswap,2025-08-09,3954981101.170339,620917330.4573823,2033901.9631231588,212530.27037277716,4426426318.74874,3573,481560,,,,5,
Uniswap,2025-08-10,4048152510.2801657,627673535.6784029,2275255.45903855,515790.5014721478,4528129321.740655,24752,327173,,,,5,
Uniswap,2025-08-11,4148267201.654469,740658852.7246711,1775232.345773903,497268.2503499645,4577260843.507197,9996,354138,,,,5,
Uniswap,2025-08-12,4039244004.2864923,1744014453.8205113,7791823.414849995,1604588.3954236824,4517010818.279037,27665,441459,,,,5,
Uniswap,2025-08-13,4213270103.5816545,796210393.8795696,2560409.0071215453,510783.61976672977,4653445907.309507,13875,11622,,,,5,
Uniswap,2025-08-14,4040292058.5091295,998995244.2077757,2317405.4220123,296636.4863360227,4499157831.169215,41760,91182,,,,5,
Uniswap,2025-08-15,4115464572.234468,1079835721.986049,4105050.1166256065,956506.787343843,4567110702.220046,9646,234137,,,,5,
Uniswap,2025-08-16,4390022312.558882,805720534.0229951,3821722.5122089842,702257.1997068201,4784483874.167626,25027,170445,,,,5,
Uniswap,2025-08-17,4263958037.809726,497444544.43212926,1243039.3527167817,307784.9010408504,4675386930.453915,20250,31172,,,,5,
Uniswap,2025-08-18,4195781903.169542,1007858028.5762837,3839391.1450878303,572337.3543419123,4624527403.128355,25063,475571,,,,5,
Uniswap,2025-08-19,4212521146.9005375,746199733.0857104,2760352.4403955783,538848.6219318741,4629423702.357607,24150,471463,,,,5,
Uniswap,2025-08-20,4153106612.850016,1371757190.7671952,6598823.175864271,1626705.0641989256,4586082293.787328,22792,69129,,,,5,
Uniswap,2025-08-21,3964057602.9669027,841397273.8300354,2935718.169309168,644004.2960884285,4453616315.1231,1481,188376,,,,5,
Uniswap,2025-08-22,3976175288.0167255,1037281080.793484,4473520.093282026,542725.894788741,4494932060.049086,16048,438327,,,,5,
Uniswap,2025-08-23,3853434290.058158,593735009.6156694,2413655.829618754,451270.29110158334,4372766334.498589,14350,34354,,,,5,
Uniswap,2025-08-24,3912036443.699864,1020624369.4397697,4549236.098328192,1182269.9246693074,4461289015.098556,42131,216258,,,,5,
Uniswap,2025-08-25,3808043846.7972593,1205076425.5991573,3715156.2515755733,439563.96760789683,4339084030.090339,5090,279104,,,,5,
Uniswap,2025-08-26,3988918435.863049,624335486.8119429,1504933.1532430858,436502.0547672898,4480388859.757449,29470,269568,,,,5,
Uniswap,2025-08-27,3899177349.366399,1054756885.702248,4871750.6651117345,1200618.4819866023,4421691770.487612,12344,404966,,,,5,
Uniswap,2025-08-28,3865403277.6430125,669915758.8157406,2795096.211504537,635734.3360545828,4400472830.286329,6319,156968,,,,5,
Uniswap,2025-08-29,3963605844.4738474,1083411778.09856,4419806.121332297,487589.30455427855,4466399454.486829,47617,431151,,,,5,
Uniswap,2025-08-30,3821209620.3671637,747897171.6372265,3078887.370980248,877635.8090003881,4349894761.189564,13182,97833,,,,5,
Uniswap,2025-08-31,3851105992.6982527,766991006.3951553,1612090.7936260814,386070.03778598254,4364067390.035408,5232,414338,,,,5,
Uniswap,2025-09-01,4005975457.5208254,1040971379.8066822,4968752.708580827,1461864.9280291158,4475341753.813445,30398,240876,,,,5,
Uniswap,2025-09-02,3816795281.397492,1403151574.4738855,6361395.603774142,1042124.4299077932,4344509888.264354,1614,97312,,,,5,
Uniswap,2025-09-03,3841753365.8798585,976163943.1729941,3856337.659938987,666912.9135055731,4371375819.182955,36435,368587,,,,5,
Uniswap,2025-09-04,3875547287.231883,1357528950.0018127,4874608.706188909,917432.7136922715,4384662377.747757,24510,219259,,,,5,
Uniswap,2025-09-05,3970322579.8134866,985076719.8184878,3661809.21842427,954982.9847566483,4477470245.162793,45547,326764,,,,5,
Uniswap,2025-09-06,3826960102.2678323,867814558.2386222,3089857.491929937,572746.5252306971,4370489524.352776,10323,221837,,,,5,
Uniswap,2025-09-07,3679187019.1186233,771045950.6567667,2507841.027706343,482479.94939645013,4268343713.5161123,1545,135341,,,,5,
Uniswap,2025-09-08,3740475825.126426,1211999111.817211,2678626.047134688,272944.1906306013,4330209525.516198,46084,432845,,,,5,
Uniswap,2025-09-09,3777542220.6714067,949733356.3401684,2151744.6043119687,231354.1912084194,4344093045.846309,13984,305183,,,,5,
Uniswap,2025-09-10,3809707182.436814,874895562.9118823,2855721.240905946,706838.0132033332,4359034706.686952,33733,226752,,,,5,
SushiSwap,2025-04-13,536834611.9279426,97874135.14074978,386964.863490715,46946.037833510156,523404459.4672097,37059,472785,,,,5,
SushiSwap,2025-04-14,529309251.23679316,98094243.21347265,452436.188636006,116039.52015389295,522177350.63589597,20614,207096,,,,5,
SushiSwap,2025-04-15,508539502.47489774,110365646.13223441,256857.15729170022,59103.430256553984,506749995.01326424,36941,39165,,,,5,
SushiSwap,2025-04-16,483465558.19233423,96709686.55967806,454934.6427520301,125370.08443792938,489163502.9332091,49406,166498,,,,5,
SushiSwap,2025-04-17,458545036.9354064,125903326.42023437,579999.0900930098,101577.82186221963,470878727.67001766,41957,248389,,,,5,
SushiSwap,2025-04-18,414669652.57221377,66887466.645614214,260234.13319214818,57763.22357860591,436909565.3493724,35958,150180,,,,5,
SushiSwap,2025-04-19,390050801.7234889,85087059.01355354,267280.499499031,56048.70586552033,426853323.5544207,18824,149999,,,,5,
SushiSwap,2025-04-20,369561860.61092883,40707036.52625801,90352.84047976171,19939.942947081014,409570361.53478926,26537,349720,,,,5,
SushiSwap,2025-04-21,382544998.1396076,83502619.03780097,262144.5600304427,71478.09994834078,422786469.98899835,36631,250069,,,,5,
SushiSwap,2025-04-22,379757716.88486415,61311545.889149345,210303.90125770634,37617.70334972218,417162342.84386325,27966,222781,,,,5,
SushiSwap,2025-04-23,364461363.84779596,105262947.06157064,437301.1481927065,127300.43669255693,406564548.749476,25596,436390,,,,5,
SushiSwap,2025-04-24,406916060.48892516,131651558.7311452,291455.59344090836,84793.76046162544,441176135.91546685,9906,309058,,,,5,
SushiSwap,2025-04-25,393815460.71785575,95320623.55192547,207875.4227705955,59636.79910191391,431153620.29683536,38650,450097,,,,5,
SushiSwap,2025-04-26,417190434.7752309,67455307.35982598,240765.13733533458,56343.666493726756,447221019.8282915,43652,213502,,,,5,
SushiSwap,2025-04-27,451423174.4120713,43005720.02546358,154682.14119758402,33440.1768975581,472025635.1547619,43641,22289,,,,5,
SushiSwap,2025-04-28,416438773.62016714,83443780.39566897,197399.47000842073,26891.704118945283,444991177.3302022,49478,185211,,,,5,
SushiSwap,2025-04-29,418395264.6963927,62123644.87549324,158062.12418810467,32407.900412456092,454471225.2539912,4654,492238,,,,5,
SushiSwap,2025-04-30,407986978.51803726,104932055.2754261,290629.0911537583,85033.82163494106,446480166.373165,43435,22149,,,,5,
SushiSwap,2025-05-01,396177297.7509062,75490118.83542572,333513.65775983484,70052.97911019965,439191070.4610893,6495,52668,,,,5,
SushiSwap,2025-05-02,407574859.3744602,115210234.55767319,438355.98585052893,115654.8665994131,453904136.79398847,24253,150507,,,,5,
SushiSwap,2025-05-03,395289116.48442364,62558942.03041787,167923.1717558283,23913.765589952083,441343312.35019875,17393,400103,,,,5,
SushiSwap,2025-05-04,385881847.29460746,84704648.3825078,398117.7233756805,67952.43532162625,434115669.0987092,36993,137834,,,,5,
SushiSwap,2025-05-05,383024104.8178206,91368335.54332624,396682.6226174388,61470.41804021102,430988769.8205819,37451,148299,,,,5,
SushiSwap,2025-05-06,376256082.89716023,136158775.8980828,585478.4345070926,76077.53241049717,425379445.4930245,43422,270337,,,,5,
SushiSwap,2025-05-07,354554192.5252978,118641735.92109302,291734.2629365083,42898.68228337993,407633658.4833435,18633,498096,,,,5,
SushiSwap,2025-05-08,369018346.12541443,94593038.85658364,195894.21477835465,44741.12207571862,417036808.8528234,34755,50390,,,,5,
SushiSwap,2025-05-09,388733722.11101,96180244.31853016,350104.960806503,51251.66187962346,433244594.1118138,28213,256860,,,,5,
SushiSwap,2025-05-10,395801262.4979491,58431781.62507838,290017.766678989,36915.76713244642,435305497.4024664,29482,396601,,,,5,
SushiSwap,2025-05-11,388745063.02686894,130094012.67556715,427306.64374655206,104057.5229353392,433101666.5726245,33496,327898,,,,5,
SushiSwap,2025-05-12,375426448.48280853,109505611.08037998,409021.0605238115,63329.60337042252,424739533.5279974,13323,383479,,,,5,
SushiSwap,2025-05-13,362593995.86600506,85193546.10984568,335310.68080207735,73483.38453168221,413004968.4474069,17456,41367,,,,5,
SushiSwap,2025-05-14,405695115.65973544,64976142.09106666,250253.48980485063,47168.27508621103,445992004.7998577,4713,211659,,,,5,
SushiSwap,2025-05-15,425124631.6866056,69303738.18922013,305010.5700069186,44757.98806489283,461865158.9638398,15484,135703,,,,5,
SushiSwap,2025-05-16,407692181.93159485,110435788.84742114,397444.4184353589,65525.36982071544,445841697.5069018,41194,84069,,,,5,
SushiSwap,2025-05-17,411457174.9448885,77046046.58415109,308836.06258134585,92288.82345347051,454782729.46671414,20201,135541,,,,5,
SushiSwap,2025-05-18,404410250.25753546,99098695.54908852,336501.1991164716,37697.71399221473,450551302.2876779,45843,105673,,,,5,
SushiSwap,2025-05-19,416619403.3188835,113394840.1343766,552558.9784041266,74628.94078848984,461401698.07812566,11526,341054,,,,5,
SushiSwap,2025-05-20,428357636.3176245,105212112.67785658,240938.8258962905,45796.25150960109,472859827.958542,4083,170400,,,,5,
SushiSwap,2025-05-21,451994617.4558375,65434905.34239642,189928.6946859758,56265.85822012021,489069634.6656734,11754,241055,,,,5,
SushiSwap,2025-05-22,433224265.0154128,76036273.87529926,374288.09325656545,38927.934640527375,478847149.4869643,42323,28752,,,,5,
SushiSwap,2025-05-23,435926182.91911197,91882998.5030768,415871.6287863423,84917.49138610672,481348999.28322953,21421,393381,,,,5,
SushiSwap,2025-05-24,398250238.46166825,63558408.19155092,151468.61355646147,40171.52508729057,455657933.42070323,10715,29169,,,,5,
SushiSwap,2025-05-25,373611684.9764673,54686103.2358424,119725.7677659266,14789.700828775094,435248304.2283515,6782,229249,,,,5,
SushiSwap,2025-05-26,390500816.8232428,70678772.82461435,214790.33846819124,31748.388989874442,453321170.0449476,19880,458330,,,,5,
SushiSwap,2025-05-27,372329177.7858462,63042934.11755449,282171.24148348736,44001.983087913075,439919248.4802342,19073,46035,,,,5,
SushiSwap,2025-05-28,357046762.8951299,111582082.2670601,412823.140551022,73568.61436218715,434480524.50154454,37875,238590,,,,5,
SushiSwap,2025-05-29,357256026.67197007,152290796.82750508,486041.6111480167,101070.66343704585,433454653.0984758,22932,44594,,,,5,
SushiSwap,2025-05-30,370023660.96697986,111842078.91228926,465740.1891743191,59733.79199658248,444963202.06849235,32750,498371,,,,5,
SushiSwap,2025-05-31,350767133.89562666,109390970.74552943,487468.5921281471,80191.31106936076,425311064.20804775,25226,278865,,,,5,
SushiSwap,2025-06-01,290070234.2043839,52673448.67472425,256623.3913514115,55073.50611055983,372105481.2235215,29937,408872,,,,5,
SushiSwap,2025-06-02,277739011.455655,84947749.52618249,316471.99575624656,61987.65084463349,362759060.6373393,30984,128947,,,,5,
SushiSwap,2025-06-03,294759247.9948008,73563162.64386244,345363.2238435465,91820.50499985785,381392874.8369261,49563,21138,,,,5,
SushiSwap,2025-06-04,300111118.7227152,109473984.85458115,531867.5960274816,140966.2692838184,394721527.7388045,6772,451460,,,,5,
SushiSwap,2025-06-05,320276707.26210773,98200767.3314914,345501.9853776302,50619.589741263735,413001437.46387935,41108,401099,,,,5,
SushiSwap,2025-06-06,302472266.60795176,72941789.54486996,315850.4138549206,39294.00572915145,394039440.6013707,29763,218524,,,,5,
SushiSwap,2025-06-07,277981143.6271115,74595084.16828625,149264.57830270563,15454.490518874842,373932031.08066285,38947,233894,,,,5,
SushiSwap,2025-06-08,284688113.55314004,52282279.861243434,128409.17747389611,14416.488778511839,377084463.2696655,43913,369177,,,,5,
SushiSwap,2025-06-09,288389382.686764,97655556.87115224,416282.26342712535,93205.41157150558,382112083.74638563,31158,166104,,,,5,
SushiSwap,2025-06-10,293083703.16099435,64141075.140421376,211089.01799579247,28313.993057340882,385026637.29984176,6448,453547,,,,5,
SushiSwap,2025-06-11,307049092.41739553,83191850.05220202,339130.24775485165,38138.03136207384,398480178.29292774,33003,56851,,,,5,
SushiSwap,2025-06-12,313830040.1684808,91325429.90069185,455722.16577775415,119761.07539737243,407900974.1858456,2382,437387,,,,5,
SushiSwap,2025-06-13,320508619.48606366,132958417.18887638,476140.6308815573,88189.18533089777,413638556.21440923,16422,445684,,,,5,
SushiSwap,2025-06-14,332287423.6513626,38431412.98602734,179083.18422523182,34018.091847833195,427173570.2960075,15818,368918,,,,5,
SushiSwap,2025-06-15,340967047.49046504,33486699.608279426,84743.49929855397,15034.831660852933,437781687.43423563,4716,203021,,,,5,
SushiSwap,2025-06-16,355926054.9239752,224771521.91320413,617164.3323589003,78232.21194950145,445104952.5379199,7548,126981,,,,5,
SushiSwap,2025-06-17,374229922.902505,112309648.54544249,454059.427637147,62632.489601296584,458118140.3097842,26476,499536,,,,5,
SushiSwap,2025-06-18,403264341.92535836,150726567.70696673,447733.44794449763,119482.44932857539,477631937.4770328,48596,197604,,,,5,
SushiSwap,2025-06-19,390577820.646237,96396135.7464932,269673.3382648526,61813.98990930232,474284373.75202924,23420,130575,,,,5,
SushiSwap,2025-06-20,400353243.4967659,87761526.21800421,201346.6833910864,39795.81506599424,482218788.1741756,39595,166193,,,,5,
SushiSwap,2025-06-21,393340588.6522339,85183681.07123367,292014.2916912901,51154.37943750811,482746770.10224724,27035,302764,,,,5,
SushiSwap,2025-06-22,377340300.10424685,46315327.81367993,156468.93870233733,40213.034965825966,463088497.7396414,44404,389504,,,,5,
SushiSwap,2025-06-23,364708072.81982887,140874316.75644973,466689.7568482732,70439.40982064133,450247204.468782,24561,100353,,,,5,
SushiSwap,2025-06-24,374098494.53971887,71444682.31415819,151125.43951063525,42368.3794301539,461065375.0625866,26364,263211,,,,5,
SushiSwap,2025-06-25,382295975.5884003,152679444.18666497,715357.1257714217,162624.95135732976,468757512.65711457,9080,17099,,,,5,
SushiSwap,2025-06-26,390332066.93174064,143956896.68045437,482523.2154589915,133413.75489010307,477528373.6408323,48684,40111,,,,5,
SushiSwap,2025-06-27,386317235.2691504,99100604.9599885,212421.39963034226,22857.470806860754,469599712.4656937,29758,73530,,,,5,
SushiSwap,2025-06-28,386769511.36613834,64852143.77945951,257923.88921876904,67170.11556457475,474833656.01325583,25034,111015,,,,5,
SushiSwap,2025-06-29,402970371.40762055,60180690.972244136,190338.62848902823,36619.13212103436,491523567.6043502,49355,413082,,,,5,
SushiSwap,2025-06-30,373364278.05808747,84977838.30388407,417432.3754170897,120413.82784238123,467725684.4528843,29138,102601,,,,5,
SushiSwap,2025-07-01,374197666.30062675,108845913.42750585,467288.34871062945,71499.4564357912,466051411.87948465,43533,431486,,,,5,
SushiSwap,2025-07-02,376254933.00184923,80867691.66813323,181670.48254428676,53333.36816755405,468976800.81204224,18630,71063,,,,5,
SushiSwap,2025-07-03,390802910.29944205,119978134.80520582,377429.48633159226,53269.43617624321,480644697.20423526,12824,192051,,,,5,
SushiSwap,2025-07-04,364809662.75901866,148193351.75211626,569809.2028183229,145259.6116861046,452316758.76432025,13504,133257,,,,5,
SushiSwap,2025-07-05,392446434.29586947,80078256.96515103,237563.88157928543,29706.582777139593,476131918.97822374,6978,490743,,,,5,
SushiSwap,2025-07-06,397030805.6463694,59056025.37324269,138301.52847989957,27273.49023333415,479465597.9697339,40071,122990,,,,5,
SushiSwap,2025-07-07,402719870.9132127,203214123.57892495,501921.6752230653,54582.53924402724,488095178.2454209,24953,36806,,,,5,
SushiSwap,2025-07-08,395040410.5811254,113474490.27828312,259293.19289744252,45427.798677668114,473400345.7284393,40896,480641,,,,5,
SushiSwap,2025-07-09,406062479.588745,93577886.3767938,436145.4453631842,99948.03343749137,483481302.4796282,13258,302985,,,,5,
SushiSwap,2025-07-10,407442159.0965478,92031066.18943086,409339.5326207147,111452.51160705459,480440993.8380007,11736,47643,,,,5,
SushiSwap,2025-07-11,432479111.9364183,95109957.71009678,405655.93315741885,77929.70922025984,502257119.4185975,15215,108605,,,,5,
SushiSwap,2025-07-12,401740783.4351543,65308261.69651628,273345.9027556616,69782.33591672523,478678559.36728436,15571,118255,,,,5,
SushiSwap,2025-07-13,405668720.1800388,63348487.41429322,313828.99063309754,90218.8092113701,481642904.7362244,29444,189980,,,,5,
SushiSwap,2025-07-14,414360422.9774195,67770066.58089392,169048.666268293,21358.58131915966,491782754.9048559,25858,189761,,,,5,
SushiSwap,2025-07-15,410913516.1924166,100918558.59969829,456364.7305912728,112521.42896995098,484324240.3156234,4754,37044,,,,5,
SushiSwap,2025-07-16,403010296.89170915,63917254.093408816,241034.71819034897,48609.98005204633,481827354.9146592,9894,421253,,,,5,
SushiSwap,2025-07-17,396099531.1507915,172187275.3368447,795499.8307875923,180783.9159631792,473484949.71079177,37068,170878,,,,5,
SushiSwap,2025-07-18,399954357.317798,120570523.98984191,299321.69383036793,63339.00418156194,471185297.0170675,23656,65147,,,,5,
SushiSwap,2025-07-19,364159264.22444755,56353118.751723275,247965.7204301766,34915.3406698543,440703598.6208282,4081,175268,,,,5,
SushiSwap,2025-07-20,382094380.39799047,46487730.89041721,195211.9251807851,43570.73364380697,448972010.0026662,26498,86865,,,,5,
SushiSwap,2025-07-21,373303690.35355973,143188168.94035342,524452.377090982,52993.77435986776,442597365.69465697,20033,151877,,,,5,
SushiSwap,2025-07-22,376062454.9721212,83282239.46141957,374606.96165186225,38287.20006538176,444026386.92999667,14944,292017,,,,5,
SushiSwap,2025-07-23,383341186.4108009,126130868.78412054,538426.692559965,144510.53372768805,454150735.2585583,13087,426978,,,,5,
SushiSwap,2025-07-24,373646384.54752475,140025240.35769776,698586.3460240442,121317.8364269265,448321139.7144173,10596,244627,,,,5,
SushiSwap,2025-07-25,371571929.5814702,119329344.38229057,450961.46352900413,80408.74672479823,441898349.0504439,39356,219717,,,,5,
SushiSwap,2025-07-26,334131594.34249794,66417509.10637436,271438.6919512815,27318.581447748114,407951136.9544874,27661,74429,,,,5,
SushiSwap,2025-07-27,346697007.3455395,85141036.93618228,194034.03237206614,42229.65477848395,420283218.0979167,3563,439276,,,,5,
SushiSwap,2025-07-28,365766538.8598042,84206392.97970554,330676.5329252259,37356.765646795895,439135235.175645,24225,367430,,,,5,
SushiSwap,2025-07-29,335023979.19288987,92935921.11774004,321539.04809856653,70698.01014567308,417325136.91977686,15226,204718,,,,5,
SushiSwap,2025-07-30,328549760.11886543,103380516.35961339,213873.45033063,35165.41508178481,415481214.5791273,4390,147069,,,,5,
SushiSwap,2025-07-31,308674645.4190564,114628676.82598883,485770.6127443604,143979.41634225752,397608522.4014661,14428,185006,,,,5,
SushiSwap,2025-08-01,306240123.5288858,78252645.18904424,350211.2624925156,71463.87046389477,396494823.2820042,17044,498163,,,,5,
SushiSwap,2025-08-02,316478287.21592826,66865824.58435808,181044.08772240503,31553.1602700675,409635776.0722137,20194,428267,,,,5,
SushiSwap,2025-08-03,332417856.9726331,50431726.42947621,212165.7356236544,63579.6003949114,423145972.78745586,34787,31621,,,,5,
SushiSwap,2025-08-04,351396476.48296505,73546226.3670708,287457.78615745634,73914.113580619,441262040.08991516,19394,171326,,,,5,
SushiSwap,2025-08-05,374773897.07311565,174408100.09380952,788221.1634640591,139331.16753610756,460729386.38005334,15472,13471,,,,5,
SushiSwap,2025-08-06,370980945.78315616,109541588.28451744,541019.3479365999,71987.39722062876,455561588.4473006,47698,103808,,,,5,
SushiSwap,2025-08-07,350076936.8858552,66165734.53956576,248613.1449060149,54022.5967967333,437757939.2516699,36525,63072,,,,5,
SushiSwap,2025-08-08,348421242.7563088,83943712.01986073,284166.123047715,55748.051061647755,434051339.29587644,49201,428495,,,,5,
SushiSwap,2025-08-09,359801856.5065549,40612424.22821845,140068.45862290077,17746.112660955787,443549464.59627384,20715,170381,,,,5,
SushiSwap,2025-08-10,338083140.9835038,59506770.18538418,197000.26346830363,48442.688996193894,421364781.99497765,43821,135736,,,,5,
SushiSwap,2025-08-11,366484439.90871567,170178122.00047702,421484.32463447656,93588.49946395888,445542623.8573623,38051,148808,,,,5,
SushiSwap,2025-08-12,383304033.26002634,125837862.0913782,612810.740470245,69732.71665997205,461354497.64571154,10067,178553,,,,5,
SushiSwap,2025-08-13,379728435.85334474,144495758.35158542,411316.02276759915,62660.350470745514,456304706.2752119,1162,437958,,,,5,
SushiSwap,2025-08-14,366611249.9778427,93431310.42219073,263088.4786878431,66266.63458433101,445302821.3384793,10833,280040,,,,5,
SushiSwap,2025-08-15,354712495.43115896,111651212.49731144,483464.45132514706,54666.88783293444,435651253.0056795,31508,277491,,,,5,
SushiSwap,2025-08-16,356383301.49026763,28993523.693713557,88199.16826664422,24692.82736030626,438566295.3784636,15289,125359,,,,5,
SushiSwap,2025-08-17,352651921.94518274,78222566.58134122,312215.1319313153,91378.77726910722,434912625.927153,12918,248511,,,,5,
SushiSwap,2025-08-18,369764405.04035836,62577540.071190916,262354.0148052259,77724.84776225053,453227489.85519296,29228,259430,,,,5,
SushiSwap,2025-08-19,363793156.7906214,85323881.22520366,221355.13911616558,47163.265341071754,440962680.1523608,19322,460930,,,,5,
SushiSwap,2025-08-20,373351854.91969854,102428828.38238874,312256.2413798737,38351.048327265904,458788909.459829,8345,170372,,,,5,
SushiSwap,2025-08-21,373185248.81661695,111001311.98038125,297034.04846869875,44612.53353658619,455648098.3121384,34365,291590,,,,5,
SushiSwap,2025-08-22,378590265.37735575,111888303.53162733,300109.9951599916,54258.55921781998,461646182.7540882,19474,187832,,,,5,
SushiSwap,2025-08-23,374613999.29252297,60636009.12885244,265288.6014392143,55648.98807532971,455002870.48325026,2633,269013,,,,5,
SushiSwap,2025-08-24,388244620.7552652,70791609.20696495,232613.55693983458,29819.179762534048,468790392.55351776,15357,121672,,,,5,
SushiSwap,2025-08-25,402658980.3486554,87760269.54963964,351661.2810754768,67680.41795094362,481946137.71602327,31575,350402,,,,5,
SushiSwap,2025-08-26,412321366.9575188,120411671.10799693,263318.56844896305,53322.1496049974,487689569.0584486,31651,80202,,,,5,
SushiSwap,2025-08-27,425258245.21530443,185382049.2859935,626168.5874403057,69123.57409910836,502325697.0587819,35622,282944,,,,5,
SushiSwap,2025-08-28,405603473.0018157,82383150.53858456,205473.38600559154,34117.42009839969,485456287.16710484,31573,350851,,,,5,
SushiSwap,2025-08-29,412564556.6782677,78681856.1202426,279962.44264561724,39468.05665727769,493280736.2765306,31932,368478,,,,5,
SushiSwap,2025-08-30,438745939.90520614,54970747.57921092,272378.3484259833,69293.73149491208,511800154.1788435,30118,110417,,,,5,
SushiSwap,2025-08-31,449964773.7766454,37539260.03588391,82421.71639235123,15889.775712262948,520842384.7226773,43951,363323,,,,5,
SushiSwap,2025-09-01,427225410.15163624,94729571.06575352,219433.57719833584,50767.279282303476,510243472.35684806,24128,192650,,,,5,
SushiSwap,2025-09-02,426589559.6869556,260630177.05129132,818707.1558342313,208870.51008390283,513396988.06834644,30450,143623,,,,5,
SushiSwap,2025-09-03,435014232.92707545,146402474.57009536,414220.1918674402,67298.28016927204,521678791.7746124,22384,424254,,,,5,
SushiSwap,2025-09-04,418975268.66685975,80880971.30809842,209281.32804758864,58471.44218112963,506458349.0964136,14521,410187,,,,5,
SushiSwap,2025-09-05,390940141.95704544,134282021.32729864,396170.2374815548,107534.8057100472,482992486.34150356,1258,403498,,,,5,
SushiSwap,2025-09-06,385152314.82105774,73057939.86881195,206806.0939023804,61360.25619850837,478702701.4088974,44936,397291,,,,5,
SushiSwap,2025-09-07,371270801.29471785,50926954.6284659,238438.42945659038,55045.540661960615,468238298.165488,21074,231796,,,,5,
SushiSwap,2025-09-08,371376817.0893186,85665918.69551125,284493.9678640402,63459.11210060715,464550888.8329041,6906,405807,,,,5,
SushiSwap,2025-09-09,342197654.2719919,110742257.62564634,327686.39538880804,97546.73408190192,441329800.2757253,32852,446086,,,,5,
SushiSwap,2025-09-10,352201820.8745026,84981175.39111596,201176.0805530096,49295.60530046831,446754886.1025869,2283,43691,,,,5,
Curve,2025-04-13,794811383.5198544,168225748.42448106,633570.8996438378,110916.71144915598,1981367610.8781033,8269,462170,,,,5,
Curve,2025-04-14,826944971.7691076,196940026.71527416,513948.33639351215,129699.81626458198,2050232979.9889858,21878,192170,,,,5,
Curve,2025-04-15,867048033.7364867,105384451.08947407,393277.6030425421,107410.18132018007,2120094011.3458836,49077,210410,,,,5,
Curve,2025-04-16,957726124.3321325,512674902.85025054,1652224.3893021347,438671.82807282294,2299485609.4219704,7142,431614,,,,5,
Curve,2025-04-17,980889043.7571115,236275549.4505791,614652.7778230943,74897.18785900055,2337578345.2733803,17499,280160,,,,5,
Curve,2025-04-18,994652734.2981435,205447714.50374472,805477.2688247326,128624.23450871184,2350602995.816366,46895,352162,,,,5,
Curve,2025-04-19,1003381182.1151829,86211850.60383172,180387.1026918967,53089.11640644606,2343693337.4024873,27910,100102,,,,5,
Curve,2025-04-20,990210146.8027531,92992224.21585129,191317.3928497346,37377.42911617141,2296801906.416031,37188,146917,,,,5,
Curve,2025-04-21,1004607162.4025384,266108860.64349085,639540.8586387484,102249.22819585049,2298347038.4617267,18611,153016,,,,5,
Curve,2025-04-22,993741274.6685618,278290100.1240188,789308.5386624516,112193.09929003452,2284629401.099916,21536,263661,,,,5,
Curve,2025-04-23,1001431280.9548336,266201856.53847438,767688.4039157524,78966.77492434246,2303978515.7326236,2088,472115,,,,5,
Curve,2025-04-24,1055212047.7504609,233280826.6890817,1050331.4768778093,260582.2255412824,2368733183.8569307,21620,52727,,,,5,
Curve,2025-04-25,1013782626.1399419,211133857.59792188,865670.5245792347,104642.9680113755,2316353477.108297,29182,349208,,,,5,
Curve,2025-04-26,1061019972.0133629,125344175.52347809,522616.07953036285,81563.06732426086,2385191410.3814063,9605,372462,,,,5,
Curve,2025-04-27,1117980407.6608691,113315666.8207417,264364.80438260065,69170.2690761037,2476925824.2193084,45716,20207,,,,5,
Curve,2025-04-28,1113818456.071034,169658138.94525608,376123.5137125397,109460.60892462105,2494431262.2081633,39010,215157,,,,5,
Curve,2025-04-29,1020397828.6222845,174048967.11941138,609497.3445565253,157800.75737085115,2361400994.820959,41591,484469,,,,5,
Curve,2025-04-30,996609417.0181053,187257415.36989564,402730.41001303867,46144.99821098764,2319060603.8227377,47092,466887,,,,5,
Curve,2025-05-01,1049309905.5920807,148251241.97199166,421480.28183278523,109878.4548017886,2392502224.33953,5727,325261,,,,5,
Curve,2025-05-02,1049399388.1259961,159061029.9127061,445132.9344270305,46474.27505885319,2361755704.174618,24782,300598,,,,5,
Curve,2025-05-03,1008502101.4691932,145200733.18258902,716847.7934510508,158207.31819743288,2287135129.5192842,47132,464418,,,,5,
Curve,2025-05-04,989147940.8175583,82740915.38190477,326284.8562086814,40649.91680049866,2253513147.057629,11576,288710,,,,5,
Curve,2025-05-05,1023396991.4874551,80839339.31891306,303761.4459242179,68333.1945026272,2294784625.882344,26235,10159,,,,5,
Curve,2025-05-06,1046801408.0326421,211340849.36897954,756354.1091753828,145699.92843209888,2329713538.3290663,17237,117507,,,,5,
Curve,2025-05-07,1037843631.1272734,144453438.1889963,533013.9446882405,66088.79268854123,2316832581.3459907,6590,328215,,,,5,
Curve,2025-05-08,1023653219.5766454,147443140.6306246,414938.63561027596,82713.48777261715,2291532261.1944423,13237,156721,,,,5,
Curve,2025-05-09,1008635893.1736581,221160564.22395447,478369.4388785158,119462.74400145665,2259062982.235026,25142,384200,,,,5,
Curve,2025-05-10,972429488.2542667,90309630.27407382,180655.75277445436,36533.25916021757,2204584419.8172765,32897,323105,,,,5,
Curve,2025-05-11,1036235475.9444871,159815600.96201003,349687.54058475856,93669.99668049377,2311687899.894663,23440,176277,,,,5,
Curve,2025-05-12,1023911715.2276372,146709816.439551,402054.08650963445,99782.10934846423,2277319186.1045055,6276,444843,,,,5,
Curve,2025-05-13,1074786141.6933596,184274178.04259375,518027.85787541984,139112.43408401252,2375804206.463114,38291,146643,,,,5,
Curve,2025-05-14,1141264504.224729,158389256.91825986,691653.7977263832,192538.7309815822,2477263686.9257903,44148,101218,,,,5,
Curve,2025-05-15,1187979240.418433,186874843.22146398,914235.6952472866,107749.90363131603,2548524165.8400774,33441,248038,,,,5,
Curve,2025-05-16,1168656980.8087733,250919799.24979997,873562.7581941554,155083.38776031646,2530337687.8617373,27586,54760,,,,5,
Curve,2025-05-17,1188698517.3269594,140353585.1951106,561295.9161425047,164577.2954999268,2564253674.613832,25427,370970,,,,5,
Curve,2025-05-18,1188736764.586578,93931946.52642173,455787.6864770471,109620.6306178995,2578975934.0488605,10821,212440,,,,5,
Curve,2025-05-19,1146954956.3081565,212577844.77142772,835951.2491804853,91651.356368689,2519966625.264942,18508,163077,,,,5,
Curve,2025-05-20,1162982930.6962702,183628088.84678066,894342.1422725568,178940.1807572763,2535357159.244609,23056,76914,,,,5,
Curve,2025-05-21,1109297787.5577447,129784158.07142828,403125.36537961365,70128.75732637239,2458931117.244985,10083,310486,,,,5,
Curve,2025-05-22,1163106690.0632365,187819537.86510986,808131.6675355809,148131.2509716464,2525550115.819082,25972,121715,,,,5,
Curve,2025-05-23,1142653817.2810252,177561800.2252678,705286.203485965,137147.38847531876,2496107439.23304,35773,192240,,,,5,
Curve,2025-05-24,1152990705.0449476,138691072.18357885,608676.5301112686,152658.87791596196,2511416291.857321,19156,67505,,,,5,
Curve,2025-05-25,1167208827.0597794,146842062.97679484,349068.95902879356,86366.4010154855,2529958980.5906587,20604,289067,,,,5,
Curve,2025-05-26,1156288189.059756,190374357.14169958,788077.6200252896,110207.1819447668,2511438253.1150436,9547,70948,,,,5,
Curve,2025-05-27,1184579961.778433,153664632.32632956,334109.3000252962,40862.3834431164,2526095840.980453,35441,459076,,,,5,
Curve,2025-05-28,1163262087.5237975,130916097.05657372,366928.7606275898,98005.22081484746,2485957057.5733223,29172,292276,,,,5,
Curve,2025-05-29,1204967234.1350796,210874582.212901,441627.35487647605,109187.98476335192,2549730292.781168,35832,267803,,,,5,
Curve,2025-05-30,1141297744.8688571,205001302.45621225,776010.91037826,79141.28973139454,2457867863.4997325,32128,142473,,,,5,
Curve,2025-05-31,1148208511.7790778,219832112.91938725,645337.2983259546,164430.83081353264,2453130513.386938,12950,348384,,,,5,
Curve,2025-06-01,1238408511.5090172,128045645.68346983,456340.3584092849,134712.93542645904,2606657868.8437176,4866,173317,,,,5,
Curve,2025-06-02,1190094166.951701,186234909.1243257,520852.2025317323,53913.657677002426,2521924997.924,18908,39336,,,,5,
Curve,2025-06-03,1159021047.6745536,211873160.4397178,915170.3577657399,186321.46006762443,2490501519.9783525,21093,409371,,,,5,
Curve,2025-06-04,1184005269.2950222,210134041.2828524,954257.0269252702,99928.83485513693,2534465312.1474643,5426,229911,,,,5,
Curve,2025-06-05,1193694305.6077523,203076687.1881897,883301.3919275741,226191.6024282157,2539156419.979146,14767,283452,,,,5,
Curve,2025-06-06,1211629806.0284612,123723120.8996482,271830.1607299854,39591.26718155031,2592909112.468736,28233,97265,,,,5,
Curve,2025-06-07,1236549984.138987,93591787.13484733,323100.4884652282,80609.9794209217,2611669895.4281707,40382,59067,,,,5,
Curve,2025-06-08,1269181126.9984353,120754274.23177838,590283.7286280142,67954.05791846705,2674316350.7017093,17616,118048,,,,5,
Curve,2025-06-09,1326786711.967193,214332305.11324197,573584.0703301905,79823.75453362889,2775338890.155402,44369,349384,,,,5,
Curve,2025-06-10,1349863176.61232,293773923.8539583,1097214.8175764657,141971.4142759207,2797961235.679442,14379,457470,,,,5,
Curve,2025-06-11,1338186446.8271153,236423499.14670956,589082.9735511993,134643.03291220826,2804395364.3019285,34840,42430,,,,5,
Curve,2025-06-12,1375525793.7316163,186440361.1926877,635755.0698004498,176757.85516753598,2854963617.293054,15824,260541,,,,5,
Curve,2025-06-13,1481434783.785072,230033483.5275493,502993.44145905436,65117.83718176039,3013781977.109778,6939,123000,,,,5,
Curve,2025-06-14,1475056688.7530622,86553931.73690683,421846.75704101834,86871.72308044198,3009406526.646054,48118,94703,,,,5,
Curve,2025-06-15,1419032306.6722033,114519521.33641982,401025.6867166582,94611.61080000589,2926970837.7989607,28076,263317,,,,5,
Curve,2025-06-16,1483290668.4112954,257437216.0372401,869878.9657142197,182079.08837023933,3033989989.763559,2932,447470,,,,5,
Curve,2025-06-17,1477631548.7939122,166172496.39342678,354229.88196840277,47165.69318523679,3040331816.868311,2116,53527,,,,5,
Curve,2025-06-18,1350692977.6909428,228760565.4557197,623585.6063874784,182165.19164626143,2825605527.0417886,48375,285011,,,,5,
Curve,2025-06-19,1397827931.0074399,223552342.6513447,1085187.774226826,324431.9244980452,2916742179.398591,31527,83402,,,,5,
Curve,2025-06-20,1369293891.3151698,202898489.1129529,563778.8852302368,105651.69917717642,2845969935.503478,40954,311014,,,,5,
Curve,2025-06-21,1365704518.389693,132561263.12270774,294185.87876526034,66035.50791553913,2858379347.196975,31873,138389,,,,5,
Curve,2025-06-22,1385205704.4070668,141472340.31607616,668272.3820105883,192957.18046928986,2906273437.0770206,30290,286266,,,,5,
Curve,2025-06-23,1397146159.8361814,168001608.35734063,598821.3907106165,176928.71519425273,2904785984.3968916,6366,411927,,,,5,
Curve,2025-06-24,1438191621.2722018,194970920.34303737,810102.9118062009,121084.51319104103,2957361928.531777,24360,459962,,,,5,
Curve,2025-06-25,1414577298.9202025,137733435.18012363,550906.3919756679,73017.1049649553,2903751325.7809715,29247,135681,,,,5,
Curve,2025-06-26,1445024988.7808912,199619269.44358602,406486.584873683,41383.461773073876,2943757574.317335,19020,149227,,,,5,
Curve,2025-06-27,1431467956.3751194,319575612.9707091,1527118.3373881832,222555.13443232773,2918984345.1312866,44178,165604,,,,5,
Curve,2025-06-28,1475202765.5004768,97396505.2317826,442582.0179134935,108774.39537118383,2995066669.8785715,6722,168485,,,,5,
Curve,2025-06-29,1512989640.8345826,86680966.38399427,284842.8491776149,30146.044635072438,3072315854.8146524,41386,489083,,,,5,
Curve,2025-06-30,1457890267.8422484,157506409.88812083,451516.50857123703,81077.61168282303,3019723396.5602436,26242,65841,,,,5,
Curve,2025-07-01,1522677868.4389827,221409841.86193603,1102568.991403992,120160.46026764708,3103473888.2067695,28228,456790,,,,5,
Curve,2025-07-02,1491556559.2607229,133631100.93481492,569641.9782244242,161599.0477546245,3055176672.6020136,4696,136310,,,,5,
Curve,2025-07-03,1541258672.1915042,123635686.18160819,461330.21317047236,79083.17742660467,3095581351.096826,46740,116611,,,,5,
Curve,2025-07-04,1565443321.1423252,290534921.4089141,943312.1785218569,254179.5543878965,3114615537.167147,16417,165801,,,,5,
Curve,2025-07-05,1682111658.8583379,67534703.3105871,321108.41948160453,38648.84589402689,3295133211.6857705,30961,415818,,,,5,
Curve,2025-07-06,1668757981.1449594,106206025.96916904,515245.5259966023,111460.20945617363,3308763363.597094,3871,56002,,,,5,
Curve,2025-07-07,1647109731.4672954,245724970.31208572,806593.565058559,133303.8521900655,3254211902.7165895,44410,76668,,,,5,
Curve,2025-07-08,1647477392.325205,252673851.5456047,1222782.1405856179,340559.06605920504,3243152351.230548,5557,405395,,,,5,
Curve,2025-07-09,1629145596.196349,183303790.82492027,819273.0838324135,227575.61659190213,3217377500.204558,48857,397699,,,,5,
Curve,2025-07-10,1682903614.863018,164255731.08047172,474220.0967448599,103740.62365386073,3297101991.857423,14869,201387,,,,5,
Curve,2025-07-11,1575782719.8507059,157670763.22600114,616197.4309420652,106522.57222867236,3134177945.0398088,17654,448242,,,,5,
Curve,2025-07-12,1510943520.638504,54939225.6331225,243525.57523542567,65061.555501760944,3051878376.6621842,31908,287667,,,,5,
Curve,2025-07-13,1447918867.9319844,127380183.66652334,519819.9539993343,132151.00073272642,2954091561.0685043,13265,357139,,,,5,
Curve,2025-07-14,1504405518.5102184,117300743.17839853,384240.23287352716,41311.28819219042,3034507543.032931,38044,198221,,,,5,
Curve,2025-07-15,1608848171.9387136,220128818.65317947,791597.5483844122,172636.51547715734,3191922257.445058,26275,221509,,,,5,
Curve,2025-07-16,1603735302.7384746,301378908.3251565,784091.7052156978,110333.99396064394,3184944573.3491564,20540,480332,,,,5,
Curve,2025-07-17,1594509223.7472546,155249524.96329138,514255.63378443295,142215.78905774723,3163779586.035139,25917,425534,,,,5,
Curve,2025-07-18,1600571685.7800984,167365286.81763533,702126.534855155,160174.10326138712,3170119173.086047,20624,167636,,,,5,
Curve,2025-07-19,1676559038.0049548,89816124.39018859,384162.13958785357,85255.64471822999,3273789724.989147,36517,154228,,,,5,
Curve,2025-07-20,1616045105.9009826,155488339.32689077,395693.24138890643,68925.09411529363,3183806491.409887,37218,148286,,,,5,
Curve,2025-07-21,1633069752.1247692,237985639.91149497,1051915.700314016,312389.17332180816,3202341196.456538,28127,146213,,,,5,
Curve,2025-07-22,1698405451.9385524,309896053.2210781,1234329.2319845126,142800.984698338,3322740952.6973867,11014,205497,,,,5,
Curve,2025-07-23,1734146300.1969092,119377005.81084763,492783.8016086852,65769.02581602152,3382869782.8385844,32486,88077,,,,5,
Curve,2025-07-24,1749030936.8575084,237189982.54555884,504566.3976048231,77231.57044383505,3397197600.8717256,29483,490815,,,,5,
Curve,2025-07-25,1820814391.1991758,206419429.18219128,596486.0417519895,144877.4125269648,3509002828.930732,12156,152180,,,,5,
Curve,2025-07-26,1625751835.1164806,121205823.4177019,427453.14329512103,74315.35952692738,3238832696.3325925,11728,367246,,,,5,
Curve,2025-07-27,1671459868.739899,90074641.61057274,403761.2888003386,96677.36060073834,3325371898.7887,8263,398518,,,,5,
Curve,2025-07-28,1629400878.3899941,255478745.8192621,1043320.5974579157,256444.25110224198,3274173588.571223,37432,423089,,,,5,
Curve,2025-07-29,1511716885.2624826,195596540.91940385,864773.9130578793,120245.187347081,3106530878.332651,22644,72021,,,,5,
Curve,2025-07-30,1544140346.2074249,228187517.4148711,954090.8671878771,202662.79068564015,3161516395.1704063,35998,194384,,,,5,
Curve,2025-07-31,1630529349.8135808,252648278.41434285,741763.2337134506,145756.53776772105,3255530984.722906,20555,322863,,,,5,
Curve,2025-08-01,1623195325.6758451,253803256.09484175,519836.17308308877,133303.80052849272,3223271396.8176413,37258,291063,,,,5,
Curve,2025-08-02,1686686581.440533,112327123.79119867,493412.8508716146,110121.05592713115,3288436072.4941196,5769,178636,,,,5,
Curve,2025-08-03,1797149592.1538842,124836853.10287517,437336.4085055193,105502.4389202072,3442010804.628774,18376,375735,,,,5,
Curve,2025-08-04,1893470660.7050707,152728095.14470172,329129.98660155,66141.67236145315,3606926817.455636,40194,382047,,,,5,
Curve,2025-08-05,2019573120.2042449,186221030.1502004,819374.4777937403,172512.2620873317,3823366981.3770638,36531,193887,,,,5,
Curve,2025-08-06,2081543922.6337857,216810692.28113675,519293.0641524624,141797.72362363414,3920128280.215528,4731,131950,,,,5,
Curve,2025-08-07,2089906203.8611302,143047246.16937843,660054.6259318077,154809.607234333,3942932484.7048516,21452,399959,,,,5,
Curve,2025-08-08,1958077778.5186982,147627011.59494916,406181.5053875067,91380.61102995739,3726223438.067981,12889,296479,,,,5,
Curve,2025-08-09,1940763476.691846,120977908.55333756,331785.5700899071,43982.49382424167,3691026304.789886,41928,141184,,,,5,
Curve,2025-08-10,1877242552.407161,123723588.78313577,254794.74724541302,45388.22466893466,3589015169.6859384,27500,238634,,,,5,
Curve,2025-08-11,2042135236.8845816,244988282.9108259,806408.485775353,222243.67832709043,3796321389.292928,24620,273031,,,,5,
Curve,2025-08-12,2029810067.5120203,191926236.70385817,835124.7045504664,131241.23773471062,3776452712.4049273,17402,227813,,,,5,
Curve,2025-08-13,2041843171.8666131,175676812.57487983,548421.3982313783,158433.3022789085,3781427022.3970923,47220,318307,,,,5,
Curve,2025-08-14,2088926881.0165806,190436941.56511965,764497.1893210388,173125.30479486965,3797557802.278143,10741,491494,,,,5,
Curve,2025-08-15,2094659100.789817,315582184.4944079,727138.8103638771,113121.38844882252,3821893806.002639,16166,61913,,,,5,
Curve,2025-08-16,2238775923.416268,103446798.77484281,490771.6142956647,50204.03781324276,3981362214.137653,39556,239577,,,,5,
Curve,2025-08-17,2185255803.3484206,111985738.51729244,471869.2619371584,113678.44178328931,3920452544.274226,15256,390634,,,,5,
Curve,2025-08-18,2204451741.989051,151569978.60195214,539454.6492226851,61933.94866058358,3993347497.3377047,46833,294769,,,,5,
Curve,2025-08-19,2141186570.690332,118401505.90242657,338910.6938440125,78407.40001608615,3891095902.0915895,5117,100265,,,,5,
Curve,2025-08-20,2030271178.2996345,192463178.4526053,733460.1596608809,84638.29040690404,3690928763.6035957,30340,470270,,,,5,
Curve,2025-08-21,1982619163.3563514,195059001.37764814,443993.4858505887,97593.72747082381,3623954794.7232556,30267,242930,,,,5,
Curve,2025-08-22,1981664587.9766068,211457734.88770863,834309.5507535936,128050.1682218444,3646672379.777007,20233,254629,,,,5,
Curve,2025-08-23,1949616931.9299657,171479746.2483056,656771.2437677347,106778.8400731372,3648239072.0584583,37963,64330,,,,5,
Curve,2025-08-24,1897568322.2064714,162648993.52911764,616928.4209958477,168556.64443467656,3553147410.533323,10280,12642,,,,5,
Curve,2025-08-25,1792722551.727501,187512265.63727415,705563.2051190742,169495.9804065235,3426311795.9497027,42243,203984,,,,5,
Curve,2025-08-26,1788555864.9102008,217316627.1463852,444669.9521056876,96308.93556263056,3411171545.0592103,18200,263091,,,,5,
Curve,2025-08-27,1682693362.7741904,251059254.60177678,1059024.3462871588,151370.13349119117,3267670856.023432,6285,381344,,,,5,
Curve,2025-08-28,1735533701.154462,309837979.39498484,1082611.4459154427,269099.3086206302,3391344443.954719,13977,423090,,,,5,
Curve,2025-08-29,1742992313.6369233,222164900.30781308,989024.135459045,200322.16930826177,3370964129.375809,25473,209570,,,,5,
Curve,2025-08-30,1643115263.5386662,131216492.15930834,494471.2386870921,110098.14368926043,3240881981.0493636,36192,101176,,,,5,
Curve,2025-08-31,1624435732.6371915,152894943.64890733,347709.77575587516,48628.62637712134,3224185945.1410456,2134,335087,,,,5,
Curve,2025-09-01,1577186978.698897,149357785.5009245,707143.9764258728,74887.12061780112,3179544958.231736,23520,294013,,,,5,
Curve,2025-09-02,1598900080.948225,151936062.6518125,332372.12286573724,63745.01904065038,3212055122.503341,28586,63053,,,,5,
Curve,2025-09-03,1686228834.0953126,155830784.5470246,595304.0111109116,139643.04176695694,3340797233.174613,13625,44397,,,,5,
Curve,2025-09-04,1561436267.4406729,232344898.60448045,1114821.3825272806,232831.33004249368,3159877292.5824227,45717,479378,,,,5,
Curve,2025-09-05,1570181939.3754046,230423298.99604565,887210.5390562889,220539.51199604353,3177368767.6254816,11103,485738,,,,5,
Curve,2025-09-06,1561694616.374763,95440776.28718916,297139.47337635205,84433.16836590155,3158803808.845517,30061,165242,,,,5,
Curve,2025-09-07,1605193438.31711,121373563.75443485,438764.9268162582,67469.1911940652,3232173197.9652267,44803,422512,,,,5,
Curve,2025-09-08,1620487504.904166,219085692.93655252,955687.082968965,182411.11870326204,3246562327.447915,21025,407674,,,,5,
Curve,2025-09-09,1573365716.1629145,248336856.8046462,971956.3827500532,259248.59130840114,3187823772.165236,44427,497025,,,,5,
Curve,2025-09-10,1554859540.9196892,235053835.05936494,515242.4818342159,136512.79868075319,3161017084.4669337,41597,282895,,,,5,
Balancer,2025-04-13,302510974.96732926,20335383.176584452,81788.55779749504,9202.273422540859,1007002755.1380249,45825,283493,,,,5,
Balancer,2025-04-14,298129035.1299941,53080636.37790489,118340.08687998193,35187.93020772158,1002479505.4900424,16735,419046,,,,5,
Balancer,2025-04-15,297885628.0616755,54491349.11054143,125098.44829923478,33259.02959824364,995696070.0022963,46066,241387,,,,5,
Balancer,2025-04-16,298486027.5136879,36279632.86981814,124638.25602183664,31921.253985894895,999478159.8655899,20583,163837,,,,5,
Balancer,2025-04-17,275864688.96047753,55774616.34171186,163702.3744925449,16473.07220488161,957305168.6402876,15139,187597,,,,5,
Balancer,2025-04-18,275987859.82855,47646147.31658344,235977.24046692956,42273.33870167933,956351948.9983426,31134,413561,,,,5,
Balancer,2025-04-19,268649587.99924725,40933613.56706526,116487.12261250775,20124.539916290047,933688147.1764818,28413,140956,,,,5,
Balancer,2025-04-20,263619147.86441752,36240302.93509597,180307.0548186946,41982.75641977052,917796800.7198439,10486,179934,,,,5,
Balancer,2025-04-21,279105528.5556519,27117887.240663018,98005.89165225039,26267.69742756354,949537791.5441715,44856,111407,,,,5,
Balancer,2025-04-22,265356713.2497423,45986965.019120604,118899.27743895423,23527.61156022738,912324679.5827523,15031,221144,,,,5,
Balancer,2025-04-23,274253648.18511546,64429422.299557135,224066.66661290822,44059.61174405901,931708565.2846632,18618,16587,,,,5,
Balancer,2025-04-24,271467637.7792243,66517015.59531994,214212.35505811035,35483.55282088998,917225748.0508227,45739,42954,,,,5,
Balancer,2025-04-25,268701272.1335522,44793852.06525749,192046.51295397765,24044.30131067977,910768868.8676441,35700,496252,,,,5,
Balancer,2025-04-26,277464930.76279384,53113883.762934305,184245.33782034644,42182.79500845448,936492694.1387502,23523,224566,,,,5,
Balancer,2025-04-27,281516488.04969084,48861269.909458734,234385.96161657418,58202.84478117283,940964352.3239393,15821,275406,,,,5,
Balancer,2025-04-28,288223483.2182505,33939017.963416725,96248.65170016148,13834.969848967434,965234521.151777,30932,279045,,,,5,
Balancer,2025-04-29,299673848.9117592,54558790.52437702,244266.95356840137,38384.478789632856,995035097.4599377,7855,225286,,,,5,
Balancer,2025-04-30,296002144.4260598,35893785.2433338,112119.43312007144,29100.201141645804,992653828.007097,21866,286223,,,,5,
Balancer,2025-05-01,289049211.1180578,53420012.06493461,120785.40668464529,25528.839048931564,972413977.8898828,13100,329165,,,,5,
Balancer,2025-05-02,276791784.1833408,52072852.628864884,185684.45074572775,40439.58798402469,948534346.202058,16916,283022,,,,5,
Balancer,2025-05-03,267929901.8364604,18186248.935084257,69123.10208700503,7652.12734531441,921061852.7473027,19931,102876,,,,5,
Balancer,2025-05-04,299803854.93347365,23830614.5962553,87291.83731430955,12212.220830266051,1002682788.6278154,17279,209737,,,,5,
Balancer,2025-05-05,315030048.2468819,38440346.011239566,104221.54671062042,30193.04343141724,1039362994.873291,41214,349629,,,,5,
Balancer,2025-05-06,298319917.3842632,61707141.71133899,268885.04024011525,58614.13606535855,1004221534.4515884,49356,494848,,,,5,
Balancer,2025-05-07,282837615.36565137,52799711.4272453,227965.33378801003,54825.13123328118,960656003.7732581,18270,365329,,,,5,
Balancer,2025-05-08,288572046.8939009,51214154.75323575,210605.39835631812,60450.9978069803,969130748.3749474,35524,499709,,,,5,
Balancer,2025-05-09,295177631.8516882,81090043.29115674,363499.0250862076,48760.3672362505,988132285.2734299,31676,336237,,,,5,
Balancer,2025-05-10,301953538.7103659,25062869.134327877,88515.5943888006,19741.263739055332,998387773.6684003,30896,304067,,,,5,
Balancer,2025-05-11,299176100.0859463,21503082.78269099,75896.46448873323,15198.656281154026,994734149.1831981,48574,446607,,,,5,
Balancer,2025-05-12,297973959.53615886,50852225.70119927,168551.52461742848,45144.17946233988,983776609.2868829,20456,478011,,,,5,
Balancer,2025-05-13,302179915.8982788,42878875.22780655,88970.02080805686,16887.19978607919,998503422.4024128,26864,308783,,,,5,
Balancer,2025-05-14,303520301.47089577,53880929.728981584,153191.52497523313,20634.777403736447,994219707.2110127,26920,237434,,,,5,
Balancer,2025-05-15,276879713.04473454,38243554.46147392,168437.51449565013,30052.404958268067,936429085.2294772,29810,463222,,,,5,
Balancer,2025-05-16,274611518.52692145,55120805.83822627,149421.47907280683,35185.56458363135,934574389.9867734,4924,460983,,,,5,
Balancer,2025-05-17,265533889.49361575,26241039.526596222,125627.24880403232,22294.377347021044,909041807.3067211,14233,252277,,,,5,
Balancer,2025-05-18,267660406.16496828,47529656.518371254,128485.81777972364,21716.25522692394,917312341.6038455,28796,295810,,,,5,
Balancer,2025-05-19,299889492.0569115,52111015.528077506,150148.91348144115,16261.102320728927,996063519.5847733,42830,20234,,,,5,
Balancer,2025-05-20,304597537.14894116,80275014.66794758,237023.94987383595,63906.835148959995,1003789422.024475,12382,88116,,,,5,
Balancer,2025-05-21,301082119.8768423,67198969.40072131,312781.994735819,77511.5680691192,989605717.5702643,12939,454473,,,,5,
Balancer,2025-05-22,312484720.0095579,89552356.46491651,324991.2591650415,55046.10796557545,1004187248.9679899,28323,212834,,,,5,
Balancer,2025-05-23,318830508.30103046,43241725.60700602,126942.06616530065,21325.552782126684,1020568717.3607341,25423,236999,,,,5,
Balancer,2025-05-24,324506896.4063404,18344909.652882073,55588.01338811417,14837.238908825862,1023705771.1872785,14255,145639,,,,5,
Balancer,2025-05-25,332708491.40621734,26667778.792206366,83137.51493877964,23754.558939973143,1042402612.397066,45523,395946,,,,5,
Balancer,2025-05-26,360410380.1762476,35995816.90154449,176531.73432332,33425.031481205726,1101509478.3393183,32521,277842,,,,5,
Balancer,2025-05-27,344467433.3199144,54682326.549106464,149828.25402507844,29095.455870009107,1071889866.947138,12241,453464,,,,5,
Balancer,2025-05-28,351337933.78672326,64036146.14210058,239090.05152430045,67153.69019238726,1084912712.658709,42988,228306,,,,5,
Balancer,2025-05-29,338670358.43624103,63868421.95063803,272791.24918079656,30312.8648621922,1055386424.3970237,18570,202971,,,,5,
Balancer,2025-05-30,346534455.476781,44413094.47115479,184374.81960660082,50007.33697366155,1077175487.4832735,13721,246371,,,,5,
Balancer,2025-05-31,334146728.7317898,35651778.7667767,152318.42203227797,24220.83312828716,1052386583.5554736,3230,16511,,,,5,
Balancer,2025-06-01,328902405.2426276,23425920.739578936,59827.397414477346,10076.22145983325,1042821089.3082039,47040,432739,,,,5,
Balancer,2025-06-02,325349076.34564275,41656028.017653316,187154.1818874538,23203.042091640917,1037870909.3031424,7589,438028,,,,5,
Balancer,2025-06-03,338373668.15484583,28957870.005060267,100728.75640466856,16115.433976883218,1057392675.1277196,26901,164648,,,,5,
Balancer,2025-06-04,351143273.7921972,54219477.80292006,135180.9014095489,16670.051162462038,1090126862.8823059,17260,134997,,,,5,
Balancer,2025-06-05,333997405.95458096,46008593.2331343,193190.0977854171,44768.38009219949,1056872244.4790543,26105,88484,,,,5,
Balancer,2025-06-06,335065317.38343036,61965124.93021091,276546.82376724057,58993.25931274821,1052790663.4113984,10878,460751,,,,5,
Balancer,2025-06-07,325890158.731197,28111434.839113384,83782.87391669117,8559.444123091209,1031068729.724262,5298,342348,,,,5,
Balancer,2025-06-08,309810674.2857692,38822171.70038591,168486.8656556255,20175.871067812837,995214365.0754809,35484,401716,,,,5,
Balancer,2025-06-09,307431117.0111157,78802224.17245094,165274.29546991363,38301.2482778341,989060498.7303133,19395,180091,,,,5,
Balancer,2025-06-10,303945059.7987797,59898921.59553439,138354.23120157485,18609.30479192329,983191059.3728714,31663,409294,,,,5,
Balancer,2025-06-11,333752544.3608575,31243903.194450762,102187.67664528805,26437.395952768933,1059129061.9341255,42574,303561,,,,5,
Balancer,2025-06-12,339866354.638025,56009827.371205635,184479.65855333765,31269.995595403503,1079584525.0978537,47326,442670,,,,5,
Balancer,2025-06-13,321477987.46998745,51980733.521841235,175371.92213848224,25482.298806625487,1030197198.0679216,11350,422032,,,,5,
Balancer,2025-06-14,314536969.0480078,27404499.53729606,75597.3496283523,16293.220900757993,1018472263.9667836,7837,175289,,,,5,
Balancer,2025-06-15,327702018.25628096,34126229.48508977,117122.96666355165,19930.091635871548,1056433100.5148764,48111,442829,,,,5,
Balancer,2025-06-16,355405196.74182594,56942363.53156495,251522.5953329162,41661.17058294552,1121400829.7002845,9848,88672,,,,5,
Balancer,2025-06-17,333213933.49396044,61629619.29160755,227848.67864366173,31109.2001391053,1079727724.3424518,45476,252318,,,,5,
Balancer,2025-06-18,308490467.4657185,46538181.88215322,208066.19996272094,36811.53300476722,1036685177.4916221,10968,12462,,,,5,
Balancer,2025-06-19,331885954.7956851,56557151.75042283,133244.76389071016,38207.92066925456,1098087296.4084072,1406,345064,,,,5,
Balancer,2025-06-20,337390139.6808279,47275017.6574675,179883.6400993796,51702.47764630606,1112477783.7292557,18369,152867,,,,5,
Balancer,2025-06-21,326009393.57684416,37735710.79540789,145573.69667122263,24226.65943849074,1093185565.9629617,6368,145693,,,,5,
Balancer,2025-06-22,333307167.13663375,20672973.298991915,93743.39561053585,13573.716442430645,1111265697.988691,30227,119430,,,,5,
Balancer,2025-06-23,298499929.8166303,79606671.90658997,169731.06791103762,40509.2100038348,1030190510.3439839,27514,159395,,,,5,
Balancer,2025-06-24,298838733.28574085,51056542.74408429,186457.99059823982,33682.06066027025,1028836869.6524242,46487,151355,,,,5,
Balancer,2025-06-25,303056198.58049357,56807592.37681862,177260.92490458628,26778.32484546979,1048651725.5572852,38952,110706,,,,5,
Balancer,2025-06-26,314563486.57706594,71607304.18508454,219454.40749817964,40079.946741488275,1071374951.3162692,48929,281487,,,,5,
Balancer,2025-06-27,302120664.2324624,42324197.67640382,134835.49555205274,18385.598283634034,1051559999.8179834,47799,145899,,,,5,
Balancer,2025-06-28,303458299.38146996,31897067.92989478,150609.87948217438,19768.562080281223,1057972859.8851048,48961,494635,,,,5,
Balancer,2025-06-29,292528646.35166043,52276511.75900175,119566.16668607433,19553.724101048625,1022416797.2826334,4854,186298,,,,5,
Balancer,2025-06-30,295809457.5719165,52474554.24633021,146248.09921713025,23781.40765673945,1032698875.8802398,37343,68219,,,,5,
Balancer,2025-07-01,285511190.6311998,53495751.55716774,208069.69087997125,37586.15144921222,994520147.0731543,10673,37877,,,,5,
Balancer,2025-07-02,281136007.5623819,61549383.23102045,221201.2238935319,52090.148482907665,987584586.9411665,28356,157878,,,,5,
Balancer,2025-07-03,270218760.995525,63090465.30660827,153897.12531370518,41026.81029441768,965984687.7735355,2657,370444,,,,5,
Balancer,2025-07-04,277526948.89671534,59023462.313259475,194417.68465610908,34180.20317743039,980839290.2569185,28542,487189,,,,5,
Balancer,2025-07-05,287334208.61292017,36510517.395613045,126036.55938854364,25562.620094152655,1005829032.7180719,10417,199651,,,,5,
Balancer,2025-07-06,284924962.18981206,26029170.92141183,68863.12440091002,19066.20418817501,1011718733.6629729,13734,121426,,,,5,
Balancer,2025-07-07,285645685.5227299,58760090.69571921,240333.78519730113,39623.62965497585,1010440106.968882,44856,436792,,,,5,
Balancer,2025-07-08,269379975.70123905,64146876.07784492,168876.83029638094,45839.64502978324,963743622.6797638,33247,53461,,,,5,
Balancer,2025-07-09,266420280.15060842,36250963.663150996,114072.96481607945,25537.365292173745,964899184.3114152,28386,172793,,,,5,
Balancer,2025-07-10,266151679.3052744,47467212.89656838,98604.05888555657,21762.4838836289,975580419.3832294,26174,250909,,,,5,
Balancer,2025-07-11,294318970.2761512,40170876.36288818,193446.44441013839,26354.496664775525,1047875202.0675284,17508,95166,,,,5,
Balancer,2025-07-12,281522369.6461519,33435646.015181776,108985.0293376879,21729.33746606748,1022342362.0935351,47806,349997,,,,5,
Balancer,2025-07-13,298291837.84921986,26178718.39817595,96763.34712247847,18235.09682196153,1073199619.3541662,2609,76253,,,,5,
Balancer,2025-07-14,310484323.1115985,55362560.467250966,231011.22556305522,54999.416947190046,1099125053.0878284,46430,147854,,,,5,
Balancer,2025-07-15,314280135.5982538,35595609.0822635,96159.34878011869,10071.879308311143,1105330695.8961556,7548,50149,,,,5,
Balancer,2025-07-16,336702395.1034006,55441573.48342382,272998.28788013145,34695.873112410394,1168695569.3775537,3941,15695,,,,5,
Balancer,2025-07-17,342050649.65281653,47681517.118288964,218088.83529914633,53700.33426443256,1193505853.088255,40567,319509,,,,5,
Balancer,2025-07-18,347717186.5303326,49614178.50879184,215565.98674783873,35081.48943872911,1211377102.5714314,42198,426047,,,,5,
Balancer,2025-07-19,347326065.1563064,22420409.790882327,82925.13763053833,8396.294092271664,1204028568.7724602,49601,408138,,,,5,
Balancer,2025-07-20,364672485.8365891,45829665.608058035,165266.53238100474,35237.19285563934,1260476191.777103,15407,304150,,,,5,
Balancer,2025-07-21,381031244.767912,50597398.623117894,130710.43217614511,15507.384230650416,1296040922.2586079,17524,388621,,,,5,
Balancer,2025-07-22,371876172.1855722,35889546.85297374,89365.3285591472,12900.456725845554,1271636742.90599,17848,30855,,,,5,
Balancer,2025-07-23,352624184.482,44734078.761818536,101535.11866219973,14077.832327660366,1228165975.081399,30301,233068,,,,5,
Balancer,2025-07-24,350113773.3973908,46856727.59301555,181774.63294523358,28623.204980276325,1233498063.4066052,29310,295071,,,,5,
Balancer,2025-07-25,339259706.3450005,71945927.08784902,331807.53944796463,83554.90740847435,1213050089.7752447,24324,227282,,,,5,
Balancer,2025-07-26,338736912.9101576,20607808.878825705,71162.34068400168,16990.799551073866,1214761102.886517,25338,284892,,,,5,
Balancer,2025-07-27,355842288.7694762,44691781.70029307,191302.40239440693,25018.524538678525,1261077512.94414,14971,90152,,,,5,
Balancer,2025-07-28,349689040.35407954,54925534.38533396,154039.93014118323,26527.97813838237,1246142120.0757194,36733,341999,,,,5,
Balancer,2025-07-29,349439734.70981115,44480277.712546945,93587.3099641552,16694.302062907154,1249693353.9703536,21950,336284,,,,5,
Balancer,2025-07-30,350600192.40686435,52427908.389851,143629.38586689066,42400.33400387932,1233631390.3426917,36349,141763,,,,5,
Balancer,2025-07-31,362849193.82107514,45525297.35259707,122462.19682044389,22320.057278085424,1261605733.8103101,32301,98302,,,,5,
Balancer,2025-08-01,330600763.67723674,60041137.744656995,262473.5280309082,33654.754410038244,1184944299.5689068,18695,51347,,,,5,
Balancer,2025-08-02,322908341.2100095,34520225.5205082,77534.87937558584,8295.289988671022,1157461065.5527446,45331,237105,,,,5,
Balancer,2025-08-03,325960260.21516716,56012689.89277414,117070.10648905009,22115.204633299727,1167801687.6259158,47686,85910,,,,5,
Balancer,2025-08-04,341933342.43200815,72550790.63331509,255469.27361212112,58139.79306678321,1206427176.2424126,27206,138180,,,,5,
Balancer,2025-08-05,335547361.8533889,40495816.497471556,174294.6545274566,32570.84290445606,1203362351.343382,2161,372811,,,,5,
Balancer,2025-08-06,310696016.8195948,50135847.33438079,197263.68612550345,20654.789930920935,1152333340.731441,4178,41831,,,,5,
Balancer,2025-08-07,318708387.9499819,93985694.14799896,420099.10139755544,88740.95217566591,1169914590.8473444,27627,193622,,,,5,
Balancer,2025-08-08,310927283.42966527,61011192.0866363,168334.70023986546,45974.306886025835,1148861775.2067096,11770,442537,,,,5,
Balancer,2025-08-09,296442217.8131825,24141284.436068755,69128.4206376767,8202.383625040871,1110886893.864102,8498,377084,,,,5,
Balancer,2025-08-10,289335366.7506747,36829498.29153959,109437.3340249877,25414.428055040415,1089233900.0355222,42513,454718,,,,5,
Balancer,2025-08-11,287489113.6361392,49175168.794405885,107193.50340265785,13527.257213326751,1085643175.0099928,41469,264136,,,,5,
Balancer,2025-08-12,280822302.44640434,38782445.76791579,133240.39320027066,38076.36164987698,1063080749.0205489,6543,197464,,,,5,
Balancer,2025-08-13,256328239.2147628,72741253.86352365,247030.083858345,25379.00199897764,990961838.3142813,43847,210417,,,,5,
Balancer,2025-08-14,265782303.40226406,49076985.92334165,212619.48490348813,49874.03067857339,1020248844.2477447,49803,382119,,,,5,
Balancer,2025-08-15,279601654.7065109,72289203.8701107,251407.17748430176,56989.56930836875,1061235993.4709481,6197,254929,,,,5,
Balancer,2025-08-16,287167921.4354657,48806100.345534086,170862.13386126843,19457.577705115033,1076217166.1177008,12085,433780,,,,5,
Balancer,2025-08-17,274386816.1879888,53868182.4277222,204846.47748700067,34453.48021421487,1048468987.691759,6247,413769,,,,5,
Balancer,2025-08-18,272449738.1846291,36296907.6975869,150420.06598322495,23867.254800234794,1039314564.5195239,15541,446862,,,,5,
Balancer,2025-08-19,272651118.6977383,45977516.90855904,188208.88990185055,52708.43078774861,1041431019.0882868,3776,117615,,,,5,
Balancer,2025-08-20,279454248.2237954,71285519.49159531,344863.22793237964,54890.09342580565,1064746896.445679,9044,456586,,,,5,
Balancer,2025-08-21,287204526.0253086,70826463.31561936,159005.53958461375,45293.90684301881,1085202662.9411757,11900,201591,,,,5,
Balancer,2025-08-22,279057409.0353988,47615630.02131027,101297.95450121365,24000.042065519687,1066614854.976168,47416,82684,,,,5,
Balancer,2025-08-23,280251725.14544153,21881092.421095904,98722.87256207898,12387.14331530675,1066505311.1946847,21013,245295,,,,5,
Balancer,2025-08-24,285658121.7613321,29258768.17207437,86453.40220477701,24107.792609742548,1079650044.4306984,24382,256375,,,,5,
Balancer,2025-08-25,302578478.68960005,19214775.927491974,55045.62025303539,8793.899716936334,1123082064.373712,46098,141936,,,,5,
Balancer,2025-08-26,311407797.85017127,35387979.19012814,80553.5247714117,21190.02890355098,1140991531.7699907,45940,491530,,,,5,
Balancer,2025-08-27,321547941.86380386,52743061.377233356,235804.6947629939,65968.15027553753,1165788634.858019,49924,419925,,,,5,
Balancer,2025-08-28,322947660.9930304,43767973.48572453,175019.52925826388,52115.05876934174,1158508792.8710072,20162,288104,,,,5,
Balancer,2025-08-29,341490787.9288115,71557380.03936665,226815.3730465438,44457.96229757479,1201658534.4254231,47934,465263,,,,5,
Balancer,2025-08-30,347429487.51898515,45913389.52018238,212159.142446246,63459.723079475865,1214232815.896316,35754,421840,,,,5,
Balancer,2025-08-31,335810223.7528882,14222920.523712939,42101.01031407795,8222.001210349523,1183940694.152634,25704,104913,,,,5,
Balancer,2025-09-01,354996673.3236741,71794639.23484865,211486.78291946222,26783.10595366647,1229576131.5806623,48234,450507,,,,5,
Balancer,2025-09-02,365261803.59912014,70427159.62341379,167967.19718736855,36230.272758971114,1254008677.927012,8371,57315,,,,5,
Balancer,2025-09-03,359153983.07347137,68220178.81935495,315080.23510881496,63013.46285748782,1242937557.625425,41037,410346,,,,5,
Balancer,2025-09-04,352624664.6926586,63939767.342185326,246648.81661611891,33871.78571849231,1233641999.7147691,40099,193736,,,,5,
Balancer,2025-09-05,357160483.4438034,43560828.73753062,167766.5965495676,45295.61647177113,1239940388.4318748,11450,358103,,,,5,
Balancer,2025-09-06,364134896.1433108,17810067.5444991,42328.28580386684,12389.319496984275,1247937965.6666956,24154,428841,,,,5,
Balancer,2025-09-07,367372670.985674,21847363.078385733,94261.23857027647,21715.920459618213,1247902919.7801485,20183,73014,,,,5,
Balancer,2025-09-08,372314695.6112085,37479123.3458059,184637.86853767588,35973.523853832914,1256006084.2078707,29621,348585,,,,5,
Balancer,2025-09-09,398003774.8055171,56040941.18319169,200045.93848608588,30878.55158403121,1314017587.1189115,34709,372355,,,,5,
Balancer,2025-09-10,415460907.3585821,47377197.90465764,138498.3650774228,30847.405770455844,1348291412.518937,6696,452210,,,,5,
PancakeSwap,2025-04-13,1527380653.2709389,186006037.0782148,578608.3391304112,144800.08404415852,2027086400.1299205,32670,255282,,,,5,
PancakeSwap,2025-04-14,1627157032.6463692,306896414.19828683,1392810.286930827,190205.90232230592,2102851217.0913172,36685,392563,,,,5,
PancakeSwap,2025-04-15,1563522615.436791,190819149.52217817,417377.57736841677,82321.35412297101,2073202794.8141267,21711,64962,,,,5,
PancakeSwap,2025-04-16,1671886820.926702,212021764.49472275,582131.0831301514,95113.53865291462,2132721709.1702266,16859,229730,,,,5,
PancakeSwap,2025-04-17,1630160093.4493108,267890911.65236682,1225894.090907884,332764.2772237991,2090288458.9061573,11785,82227,,,,5,
PancakeSwap,2025-04-18,1808174176.6868582,372027415.44999033,907778.6432786095,216109.93180461513,2251801244.5956526,7358,257941,,,,5,
PancakeSwap,2025-04-19,1864113572.2282298,128077805.67408344,448494.9129752809,102770.37072226615,2309135532.6921325,49665,185486,,,,5,
PancakeSwap,2025-04-20,1780206229.148283,260314136.29974574,614304.6118694249,99770.93755261498,2220516027.9995046,14386,396213,,,,5,
PancakeSwap,2025-04-21,1601703340.9495964,298710875.70515144,672925.7441244735,159167.47685802294,2083549221.386932,41157,408138,,,,5,
PancakeSwap,2025-04-22,1668087915.8030968,288514598.4119471,1279804.2222798187,370055.31465370726,2122217045.58057,33479,62949,,,,5,
PancakeSwap,2025-04-23,1638547723.8833451,408552211.61174047,1647760.4103839104,247926.8876703846,2086898527.8630512,21213,81916,,,,5,
PancakeSwap,2025-04-24,1627441180.8735745,389738923.74568015,842188.545259318,205067.01386951908,2086712391.866283,1463,435189,,,,5,
PancakeSwap,2025-04-25,1691415568.9519944,352667508.23300266,1378274.7104888954,248583.7344427631,2160411473.0437922,35980,32504,,,,5,
PancakeSwap,2025-04-26,1778558468.3611822,241403023.20576197,705771.2802357094,137935.9502194503,2215576444.054787,12695,421012,,,,5,
PancakeSwap,2025-04-27,1889159046.2904694,172055574.28659976,586084.8849042266,141320.93650347524,2355972289.794051,30086,123758,,,,5,
PancakeSwap,2025-04-28,1780075101.052392,366530124.2847466,1699907.5835672866,416603.69518544315,2244886706.1373672,48766,310881,,,,5,
PancakeSwap,2025-04-29,1908765163.1798477,396914501.62935364,850028.1692570006,248449.05874321712,2336399395.2053657,40182,309569,,,,5,
PancakeSwap,2025-04-30,1855410850.0640512,280610128.93222296,1092731.7413380947,168402.91162926206,2299493104.487566,22181,188734,,,,5,
PancakeSwap,2025-05-01,1647952730.4447067,305461445.10547304,1523159.8096339572,429992.50022907124,2113507920.8559494,24308,314128,,,,5,
PancakeSwap,2025-05-02,1552499983.8114405,332972267.39791256,722045.7101332156,109121.19321677827,2019951792.4556382,27957,428680,,,,5,
PancakeSwap,2025-05-03,1570976681.3955665,161103615.75543615,545783.7107021909,58209.79442068828,2045803556.9713805,4775,299532,,,,5,
PancakeSwap,2025-05-04,1495662940.2763994,161326035.74952823,523919.85542357626,59006.98812338588,1953715358.9724312,49474,417861,,,,5,
PancakeSwap,2025-05-05,1490574360.73453,136730202.12265876,629987.7660432893,129785.3489886214,1924121329.7121544,38203,323940,,,,5,
PancakeSwap,2025-05-06,1517274459.363548,197287449.26516372,637658.2367691535,168038.68002709077,1939626210.7578075,29132,280095,,,,5,
PancakeSwap,2025-05-07,1505031161.8509574,341455930.84936696,823620.8101972177,127969.25473817979,1944350701.7296386,37993,172947,,,,5,
PancakeSwap,2025-05-08,1469335258.8392806,390427039.7449161,1381574.5816843794,226814.35430466753,1903990226.6017504,49517,217440,,,,5,
PancakeSwap,2025-05-09,1378920002.9261162,299752580.3904938,1427444.030161176,241242.84870719683,1844812902.1832163,28812,89335,,,,5,
PancakeSwap,2025-05-10,1381811860.7334669,181140850.89858347,622420.7177006479,169556.8820450911,1864138505.3863163,25426,373107,,,,5,
PancakeSwap,2025-05-11,1240524542.0905113,104454225.97113219,466564.0551550741,116906.82987679722,1734671453.6850283,44258,438909,,,,5,
PancakeSwap,2025-05-12,1199215196.303653,309851676.164633,1434172.4764332632,350736.8037635651,1698656200.6011484,40008,10215,,,,5,
PancakeSwap,2025-05-13,1144783771.3762212,217962919.271674,483662.06722051883,120337.88697047291,1648278433.2097147,11400,397355,,,,5,
PancakeSwap,2025-05-14,1132226818.4050703,236398129.97463536,639101.9739558243,159696.11916147897,1637597083.2085586,41635,300373,,,,5,
PancakeSwap,2025-05-15,1121282159.226329,277656762.3637144,1180258.473771569,182823.61287987183,1622018039.6513958,48116,480455,,,,5,
PancakeSwap,2025-05-16,1176222556.0191953,267819713.66819605,1180336.4758122019,198590.30182472058,1674607229.9509628,1228,493498,,,,5,
PancakeSwap,2025-05-17,1270524863.0974565,185673227.94988924,851188.6595810367,232550.8150364148,1755150819.8000913,34266,466477,,,,5,
PancakeSwap,2025-05-18,1200787097.5622885,332147671.24541867,1439574.148949319,276609.4509869846,1658621771.6004329,43818,372566,,,,5,
PancakeSwap,2025-05-19,1321636269.8611226,330434074.666488,1408874.4352580777,210938.05680820206,1789204518.7450964,17576,129875,,,,5,
PancakeSwap,2025-05-20,1271460639.667449,299003378.74328923,1487962.482613769,403990.92266694613,1743766045.917454,3410,470572,,,,5,
PancakeSwap,2025-05-21,1283700150.9958744,223893986.76889843,452477.83288496383,81761.02218362878,1755597537.8948817,33439,102850,,,,5,
PancakeSwap,2025-05-22,1317773595.9622653,443560786.9433878,911439.8868107868,255956.99336417808,1793463271.6226652,13197,301655,,,,5,
PancakeSwap,2025-05-23,1480161699.7831266,218032817.36384585,588841.6840617754,66914.39320881254,1937025371.1836786,25658,244453,,,,5,
PancakeSwap,2025-05-24,1441508584.141652,142024931.93201318,520755.5334076195,82421.13152072913,1887073654.5218775,26186,497997,,,,5,
PancakeSwap,2025-05-25,1313449429.2677197,237213431.06367266,1118674.1072087237,222159.05075275945,1765709407.8498988,7568,241977,,,,5,
PancakeSwap,2025-05-26,1412639781.9228523,274067256.65841967,635946.2411821865,184857.219613282,1877168083.9487734,3159,168097,,,,5,
PancakeSwap,2025-05-27,1355189589.5869224,218521427.23241374,647086.4934682098,85970.20881404191,1807274297.799156,18517,165063,,,,5,
PancakeSwap,2025-05-28,1332043725.1710315,218378841.22890267,517010.5059052577,117351.7332008045,1750058540.8908124,25466,483656,,,,5,
PancakeSwap,2025-05-29,1258931198.2549798,346985454.81656307,1260907.8811878774,145724.76795409896,1675975507.1195881,17562,379536,,,,5,
PancakeSwap,2025-05-30,1237610960.912082,260717076.11387086,714595.1323431286,194319.1891003929,1670470962.183607,9683,42634,,,,5,
PancakeSwap,2025-05-31,1186844683.039714,288275546.6019227,1384987.1595026234,390345.3727579303,1600799320.1983583,12962,43302,,,,5,
PancakeSwap,2025-06-01,1228173096.387381,183744823.3439956,908137.0002263555,200866.49951504814,1625649066.7926402,3155,130654,,,,5,
PancakeSwap,2025-06-02,1234362574.7856598,271024298.82864934,1023567.7661726743,245847.7457778477,1634597139.2971504,25700,256864,,,,5,
PancakeSwap,2025-06-03,1193563487.2790756,481913437.19439805,1691533.2203452208,438594.4556039948,1628283298.8544643,44880,124003,,,,5,
PancakeSwap,2025-06-04,1254188872.2335815,236529232.8004354,757956.2309952253,196026.96656536884,1669591106.6010659,18285,286524,,,,5,
PancakeSwap,2025-06-05,1271433765.4634054,332120817.2162296,849526.6980146541,246501.83711537026,1668168415.6083627,30062,243294,,,,5,
PancakeSwap,2025-06-06,1155348795.3144076,288165734.61420935,613591.3928995575,83337.36194668389,1565790499.431361,26279,441322,,,,5,
PancakeSwap,2025-06-07,1209633049.9084203,203688038.26499644,986530.2386902226,126512.45303985724,1631435756.130943,15201,181616,,,,5,
PancakeSwap,2025-06-08,1222023798.0670676,367606801.4110259,1262077.367777158,246902.44790181963,1635497436.6561196,45578,462686,,,,5,
PancakeSwap,2025-06-09,1308221231.6942286,314861331.83250964,1223456.4258239307,277299.62923176674,1696362769.614239,47688,335800,,,,5,
PancakeSwap,2025-06-10,1317635023.3318405,494072444.76332396,2212368.8369337246,529447.031516242,1710426005.5748174,4114,298646,,,,5,
PancakeSwap,2025-06-11,1266793459.9248137,319560464.6644503,1425550.3696801837,302748.06362259196,1672114999.9707375,18587,118255,,,,5,
PancakeSwap,2025-06-12,1255120253.7787423,317399734.0967496,1420179.986103349,337664.9768935886,1683635164.653832,46972,196493,,,,5,
PancakeSwap,2025-06-13,1306826145.7621534,367040734.0775004,1000374.8744746884,185268.93046042032,1740481893.6418433,47270,227070,,,,5,
PancakeSwap,2025-06-14,1257772004.8516688,241440657.54769495,918159.333906705,219638.37779912332,1705558599.6614976,13861,108970,,,,5,
PancakeSwap,2025-06-15,1231340128.2240193,119275257.71884297,493560.64155362244,68423.29968987608,1677115892.3897233,44194,162049,,,,5,
PancakeSwap,2025-06-16,1218922766.1261508,150558091.31483066,534764.3405969983,97659.45508795948,1695987106.092607,21056,148454,,,,5,
PancakeSwap,2025-06-17,1150091927.770717,256769372.82819298,831187.9985950406,95133.94613908554,1623883789.1080077,47041,273136,,,,5,
PancakeSwap,2025-06-18,1107749946.426026,343441005.1937268,1058204.2845334902,124248.2530136298,1574581482.46151,5136,71868,,,,5,
PancakeSwap,2025-06-19,1118414819.6587968,370951146.5961355,1348953.094983298,190757.3681918812,1606562206.4096146,32376,145895,,,,5,
PancakeSwap,2025-06-20,1186776681.1427083,218196147.00251284,637795.469517015,181906.8653027037,1657538331.3574257,24345,61567,,,,5,
PancakeSwap,2025-06-21,1206782590.121307,177561558.64373332,664913.4570617029,161533.5001397783,1654131396.5408013,2364,209316,,,,5,
PancakeSwap,2025-06-22,1205222144.2430494,107074775.00563712,240153.85925263335,66119.82465168068,1654117390.7730193,14865,403711,,,,5,
PancakeSwap,2025-06-23,1156334069.1558235,262323830.89747047,761890.4956888545,167520.36689723542,1607128049.3191817,2552,61272,,,,5,
PancakeSwap,2025-06-24,1220808967.9881203,300063917.7491008,1125054.6932595235,242778.99949261194,1667108405.7655926,33363,204824,,,,5,
PancakeSwap,2025-06-25,1248491147.0564725,284617970.2345373,837383.4731386282,167342.53689249078,1705997319.7476587,49091,223988,,,,5,
PancakeSwap,2025-06-26,1205622345.5477746,539031198.4767522,1501338.4245777996,337573.16338600765,1653372270.1435227,39367,159172,,,,5,
PancakeSwap,2025-06-27,1260999501.0224516,288634699.44164795,742082.9656808703,210339.05196107845,1707328337.305732,1786,473120,,,,5,
PancakeSwap,2025-06-28,1297541820.2908895,150228172.0798256,441156.39227781043,108093.12389109307,1737350686.002367,24600,366918,,,,5,
PancakeSwap,2025-06-29,1246059879.592253,106480331.38291366,479035.01143176033,142347.0020850504,1677485575.5690992,40779,329348,,,,5,
PancakeSwap,2025-06-30,1240989770.582153,182118307.32631177,661779.0185430683,71613.51287082516,1671929676.9161434,15141,150416,,,,5,
PancakeSwap,2025-07-01,1211654464.6041682,410969950.9699672,885143.125852267,159657.91637089493,1654955282.1932082,19895,75679,,,,5,
PancakeSwap,2025-07-02,1372413019.20596,486976619.1003352,1495479.527943292,339397.32649493404,1834978154.8468244,14647,365398,,,,5,
PancakeSwap,2025-07-03,1410274112.2500563,272373429.7745811,1157071.8304308597,241989.06974173177,1878387706.9331915,37953,186326,,,,5,
PancakeSwap,2025-07-04,1424853670.9174614,260737809.65640622,819093.6596249937,99294.7248024323,1856608570.5004673,1067,169484,,,,5,
PancakeSwap,2025-07-05,1459952309.1162777,179184827.69609523,571121.7213999344,127149.04712975647,1888091372.2589722,12549,474432,,,,5,
PancakeSwap,2025-07-06,1562087841.6896799,183256571.70755273,755353.6693257478,113631.30859671095,1981257752.2983208,44617,463355,,,,5,
PancakeSwap,2025-07-07,1557137574.038087,398871516.0200271,945464.93742479,133495.8740887125,1990774253.3954668,43919,355665,,,,5,
PancakeSwap,2025-07-08,1512766214.9630651,297272841.4589026,892110.6460449632,158384.45961488198,1953823993.8414936,7447,15499,,,,5,
PancakeSwap,2025-07-09,1578139138.3443148,290922219.6014494,1226093.094314724,332752.93963759346,2031289363.5879087,40469,146066,,,,5,
PancakeSwap,2025-07-10,1565912934.1502926,531724294.37479436,2428200.5409810944,445958.9945470665,2026240532.5441306,45370,389553,,,,5,
PancakeSwap,2025-07-11,1483710700.3847356,293541720.59050894,1411986.6547148593,286824.3471255285,1975472364.7977333,2996,261071,,,,5,
PancakeSwap,2025-07-12,1391372971.5137274,200636051.8698402,597388.578159066,82647.06307358039,1882912358.7890117,5575,247103,,,,5,
PancakeSwap,2025-07-13,1499155438.7986062,249207460.45997605,934966.0504910373,132203.00301570547,1987052391.3328104,48668,163956,,,,5,
PancakeSwap,2025-07-14,1510522377.6616716,352507340.28574085,897290.8522275412,166958.28657983788,2009918141.106883,13665,272678,,,,5,
PancakeSwap,2025-07-15,1467505163.7063344,341121373.85058653,1489700.4178964451,184456.65304359296,1961225233.1725895,23469,336160,,,,5,
PancakeSwap,2025-07-16,1451778284.2704961,494675110.9162141,2230783.255348396,537322.2113323996,1934892219.1018162,35409,256231,,,,5,
PancakeSwap,2025-07-17,1511841597.9224386,311137415.07500315,1311827.068106015,211536.8076634591,1981794827.6275163,25054,39709,,,,5,
PancakeSwap,2025-07-18,1491174306.3248665,225752224.96245858,514296.1744070927,106173.65513480634,1951694713.067161,7665,55689,,,,5,
PancakeSwap,2025-07-19,1384598607.6697056,215852299.664095,497353.8157383012,128505.41588180221,1861701140.6171994,12998,10882,,,,5,
PancakeSwap,2025-07-20,1408541145.7876716,146125677.10217488,368787.53489033907,89056.75191575865,1858616989.9173713,6204,38885,,,,5,
PancakeSwap,2025-07-21,1495050067.9072142,297505945.97823477,1396809.9998463504,302461.36724051053,1916833331.7814517,33786,340763,,,,5,
PancakeSwap,2025-07-22,1581872433.2800252,349203473.67817724,899572.6299457496,209903.69603858385,2021534314.1632624,28518,180635,,,,5,
PancakeSwap,2025-07-23,1539214875.2009287,463114435.50908005,1606709.5883392568,330550.48574761336,1972381165.7132385,2674,86411,,,,5,
PancakeSwap,2025-07-24,1638430561.6770804,196388370.0778004,867157.4027335395,118935.31257820952,2064335852.4963796,24004,248441,,,,5,
PancakeSwap,2025-07-25,1657514179.4873533,308227228.5212417,1019843.1680148969,236258.3857282171,2058111159.3328311,14749,335361,,,,5,
PancakeSwap,2025-07-26,1762032659.7324433,205616744.50895083,625281.9606512804,179189.26372725045,2150409395.6470814,31935,82534,,,,5,
PancakeSwap,2025-07-27,1814337456.5586462,108020199.16356537,378839.3104697764,62727.000288568306,2183496661.3029146,47501,490549,,,,5,
PancakeSwap,2025-07-28,1678117286.7467134,297335157.32957333,894672.6227061038,254182.9131945678,2043143546.8108826,42337,443541,,,,5,
PancakeSwap,2025-07-29,1826357044.3567777,254665055.48138726,931678.0039500232,231179.79375632838,2189969493.6128964,10111,113986,,,,5,
PancakeSwap,2025-07-30,1832912191.4721909,614624998.9885821,1665528.8603490354,327608.88896867866,2214895020.6604033,49570,187169,,,,5,
PancakeSwap,2025-07-31,1887605725.254538,335932451.57686394,747344.7346036475,90602.149709837,2259375922.138095,40263,380635,,,,5,
PancakeSwap,2025-08-01,1762642014.1947396,242078852.1622277,850842.8580110504,215900.8870683604,2171608387.5080934,48647,450041,,,,5,
PancakeSwap,2025-08-02,1808940142.2051132,149902730.741193,559200.7082831495,69252.58364255427,2242535555.423469,34505,376648,,,,5,
PancakeSwap,2025-08-03,1910505594.8327918,256267102.14946914,714274.1069669191,131671.09135269307,2343355558.950067,24777,67939,,,,5,
PancakeSwap,2025-08-04,2097288116.9708712,281465219.6371858,942130.3871203134,203050.40576531526,2512156387.6411495,38265,135549,,,,5,
PancakeSwap,2025-08-05,2246237497.5194716,431506692.58928305,2008415.0375782952,293773.93731232086,2640794157.884918,25918,444352,,,,5,
PancakeSwap,2025-08-06,2310729750.619752,188527755.03719497,923564.0823882126,271541.59332274745,2706732397.7573195,20619,121776,,,,5,
PancakeSwap,2025-08-07,2134608545.5420964,484609740.51072913,1383860.0111087873,312965.59324431414,2554931799.7582927,30412,31341,,,,5,
PancakeSwap,2025-08-08,2150860685.5345635,381618344.9708624,1315076.6683005174,330814.5216969294,2563247537.2290277,23223,209488,,,,5,
PancakeSwap,2025-08-09,2089291269.7391145,170939196.39054292,399980.4227627048,53750.37377985149,2520553703.124539,31831,59156,,,,5,
PancakeSwap,2025-08-10,2115927422.1306257,139029552.48549342,346711.59505665425,39100.73071722872,2534089679.155482,26938,69164,,,,5,
PancakeSwap,2025-08-11,1989360490.3599052,307581283.73729175,709621.1653402258,177656.60901888946,2421031517.2367387,28594,125819,,,,5,
PancakeSwap,2025-08-12,1970444963.7131488,190134128.578442,929956.5878817748,163111.8127499173,2404920903.9384837,12221,414427,,,,5,
PancakeSwap,2025-08-13,1921461368.536697,321944079.10539407,1544591.1489268548,332292.6057975961,2383825295.371821,7159,263078,,,,5,
PancakeSwap,2025-08-14,1870718806.0789115,255124470.7301018,955483.1318871349,241994.6802467556,2319507780.3868394,44790,340724,,,,5,
PancakeSwap,2025-08-15,1822245097.1226988,198814536.7832859,826611.8471491452,127554.54938460505,2290642833.4228373,32085,10654,,,,5,
PancakeSwap,2025-08-16,1811689312.676848,189204244.5356005,492949.8712768212,138896.16814018044,2294957392.1082697,38927,135851,,,,5,
PancakeSwap,2025-08-17,1839425801.3050964,125988056.3224777,321538.441965715,80799.46504761644,2333077567.604416,28200,236179,,,,5,
PancakeSwap,2025-08-18,1611475548.610097,411569625.88504875,1101923.616292259,246086.42564225913,2116572930.7903204,21900,128422,,,,5,
PancakeSwap,2025-08-19,1421608852.113601,269036612.5057334,657491.8520138249,195229.64441436372,1915138130.2383065,27535,323804,,,,5,
PancakeSwap,2025-08-20,1398956130.617357,164275585.41944423,392792.6810862316,55268.669870339574,1901815580.3198736,13476,378894,,,,5,
PancakeSwap,2025-08-21,1386521575.8711114,496401401.50672275,1024089.7279309583,109461.12267892636,1892657623.8235288,41843,236905,,,,5,
PancakeSwap,2025-08-22,1401018436.5500126,169066192.43630686,752338.7623763478,208433.78072048989,1920766839.877475,27331,151835,,,,5,
PancakeSwap,2025-08-23,1351445335.740496,300153261.5408487,1159659.824975053,143970.9870275594,1863100504.812618,28105,404093,,,,5,
PancakeSwap,2025-08-24,1353436365.691928,124519226.33381006,318868.12358218664,60283.55090954056,1875643213.4165545,18772,454783,,,,5,
PancakeSwap,2025-08-25,1363351857.3963864,536028238.51534563,1418044.9436281414,319760.0305896549,1900094854.2632742,20556,363023,,,,5,
PancakeSwap,2025-08-26,1314642151.967428,217346066.29477066,1085112.0581938173,115553.81676476888,1851216137.2319024,34422,98741,,,,5,
PancakeSwap,2025-08-27,1382573381.2402775,231567637.74365342,631432.0286124966,88840.97030131958,1923965090.2172098,42973,167699,,,,5,
PancakeSwap,2025-08-28,1396190782.7746012,184362250.31180555,876746.6295639481,95914.76633024756,1942741583.7186937,30475,246824,,,,5,
PancakeSwap,2025-08-29,1435770075.5584831,194674031.5145308,756623.7295297927,172567.82672198705,1969323372.492919,43292,115386,,,,5,
PancakeSwap,2025-08-30,1442148177.6744063,153820586.78721395,744962.105112905,107091.53699867362,1983291438.763122,13278,280561,,,,5,
PancakeSwap,2025-08-31,1595280742.4522367,150883881.4241548,577075.6426068611,109018.07202381059,2154840785.7211785,28675,266681,,,,5,
PancakeSwap,2025-09-01,1644447061.1556065,459093599.39771163,2191221.0170831215,320087.71096381434,2201687944.365028,20177,402704,,,,5,
PancakeSwap,2025-09-02,1605967549.4817348,261738014.66135392,837548.3126419517,93368.5196323,2141501054.6953511,41866,300477,,,,5,
PancakeSwap,2025-09-03,1673495825.8059554,219607204.2526918,1021838.9719534322,133195.26162997648,2193495933.5839567,6565,294965,,,,5,
PancakeSwap,2025-09-04,1538143071.947609,363082151.07731944,1005461.2831381792,288361.866775047,2040034805.8322582,4815,387078,,,,5,
PancakeSwap,2025-09-05,1548879330.7907827,184329046.98476893,809606.9201620555,163208.44722714394,2069743766.7373037,45398,129975,,,,5,
PancakeSwap,2025-09-06,1575145248.9482074,188297631.52254325,860615.4639180789,166422.04876581216,2106174154.415844,40385,176991,,,,5,
PancakeSwap,2025-09-07,1587039230.7422476,99905504.42002586,360505.6317733319,87773.22567613961,2109387032.8077679,25090,443603,,,,5,
PancakeSwap,2025-09-08,1562140261.8522816,286744122.419967,982497.4283207258,246985.6385776311,2063786915.8780942,16728,410213,,,,5,
PancakeSwap,2025-09-09,1484636753.7783608,330467153.29610336,1517149.3067780521,454176.6021698737,1979214414.6604204,39523,131648,,,,5,
PancakeSwap,2025-09-10,1427526711.2533398,361885235.91739535,963388.3505380937,126868.23369268578,1916445168.0130677,45115,202718,,,,5,
